idmatch,result_finish_match,result_finish_match_prediction,proba_win_1,proba_draw,proba_win_2
105933,,3,0.30650319829424305,0.3411513859275053,0.3523454157782516
113655,,3,0.30650319829424305,0.3411513859275053,0.3523454157782516
69416,,3,0.30650319829424305,0.3411513859275053,0.3523454157782516
106450,,3,0.30650319829424305,0.3411513859275053,0.3523454157782516
70647,,3,0.30650319829424305,0.3411513859275053,0.3523454157782516
87245,,3,0.30650319829424305,0.3411513859275053,0.3523454157782516
61291,,3,0.30650319829424305,0.3411513859275053,0.3523454157782516
102342,,2,0.3767605633802817,0.4119718309859155,0.2112676056338028
45749,,2,0.3767605633802817,0.4119718309859155,0.2112676056338028
113591,,1,0.3786270346779901,0.267515923566879,0.35385704175513094
150032,,3,0.30650319829424305,0.3411513859275053,0.3523454157782516
124298,,2,0.3767605633802817,0.4119718309859155,0.2112676056338028
95334,,2,0.2857142857142857,0.36278195488721804,0.35150375939849626
152833,,3,0.15789473684210525,0.3881578947368421,0.45394736842105265
70267,,2,0.2857142857142857,0.36278195488721804,0.35150375939849626
145927,,1,0.49014084507042255,0.2056338028169014,0.30422535211267604
153045,,2,0.3767605633802817,0.4119718309859155,0.2112676056338028
13151,,2,0.2857142857142857,0.36278195488721804,0.35150375939849626
137662,,3,0.30650319829424305,0.3411513859275053,0.3523454157782516
120929,,2,0.3767605633802817,0.4119718309859155,0.2112676056338028
151016,,2,0.3279742765273312,0.3987138263665595,0.2733118971061093
64067,,3,0.327639751552795,0.281055900621118,0.391304347826087
29825,,3,0.30650319829424305,0.3411513859275053,0.3523454157782516
52443,,2,0.3767605633802817,0.4119718309859155,0.2112676056338028
123289,,2,0.3279742765273312,0.3987138263665595,0.2733118971061093
182363,,3,0.30650319829424305,0.3411513859275053,0.3523454157782516
69651,,3,0.30650319829424305,0.3411513859275053,0.3523454157782516
61575,,1,0.3786270346779901,0.267515923566879,0.35385704175513094
63287,,1,0.3786270346779901,0.267515923566879,0.35385704175513094
16559,,3,0.27310924369747897,0.2184873949579832,0.5084033613445378
135946,,3,0.327639751552795,0.281055900621118,0.391304347826087
88827,,1,0.3786270346779901,0.267515923566879,0.35385704175513094
132827,,1,0.3786270346779901,0.267515923566879,0.35385704175513094
13177,,2,0.2857142857142857,0.36278195488721804,0.35150375939849626
107444,,3,0.30650319829424305,0.3411513859275053,0.3523454157782516
110251,,1,0.49014084507042255,0.2056338028169014,0.30422535211267604
136943,,3,0.327639751552795,0.281055900621118,0.391304347826087
132633,,3,0.30650319829424305,0.3411513859275053,0.3523454157782516
159891,,3,0.30650319829424305,0.3411513859275053,0.3523454157782516
105087,,3,0.30650319829424305,0.3411513859275053,0.3523454157782516
120498,,3,0.30650319829424305,0.3411513859275053,0.3523454157782516
106190,,3,0.327639751552795,0.281055900621118,0.391304347826087
21171,,3,0.30650319829424305,0.3411513859275053,0.3523454157782516
43537,,3,0.30650319829424305,0.3411513859275053,0.3523454157782516
140593,,1,0.4652777777777778,0.2222222222222222,0.3125
127239,,3,0.27310924369747897,0.2184873949579832,0.5084033613445378
84817,,3,0.15789473684210525,0.3881578947368421,0.45394736842105265
140121,,2,0.3767605633802817,0.4119718309859155,0.2112676056338028
140120,,1,0.3786270346779901,0.267515923566879,0.35385704175513094
46988,,2,0.3279742765273312,0.3987138263665595,0.2733118971061093
135912,,1,0.3786270346779901,0.267515923566879,0.35385704175513094
72621,,1,0.3786270346779901,0.267515923566879,0.35385704175513094
132975,,1,0.3786270346779901,0.267515923566879,0.35385704175513094
130070,,1,0.3786270346779901,0.267515923566879,0.35385704175513094
48330,,2,0.2857142857142857,0.36278195488721804,0.35150375939849626
136008,,2,0.3279742765273312,0.3987138263665595,0.2733118971061093
102148,,3,0.30650319829424305,0.3411513859275053,0.3523454157782516
153034,,2,0.3767605633802817,0.4119718309859155,0.2112676056338028
151624,,2,0.3279742765273312,0.3987138263665595,0.2733118971061093
167980,,1,0.6486486486486487,0.16216216216216217,0.1891891891891892
63799,,3,0.15789473684210525,0.3881578947368421,0.45394736842105265
12760,,1,0.3786270346779901,0.267515923566879,0.35385704175513094
71667,,1,0.49014084507042255,0.2056338028169014,0.30422535211267604
138207,,3,0.30650319829424305,0.3411513859275053,0.3523454157782516
96863,,2,0.2857142857142857,0.36278195488721804,0.35150375939849626
71789,,3,0.30650319829424305,0.3411513859275053,0.3523454157782516
47426,,1,0.49014084507042255,0.2056338028169014,0.30422535211267604
155321,,2,0.3279742765273312,0.3987138263665595,0.2733118971061093
111916,,3,0.30650319829424305,0.3411513859275053,0.3523454157782516
51798,,2,0.3767605633802817,0.4119718309859155,0.2112676056338028
73737,,3,0.30650319829424305,0.3411513859275053,0.3523454157782516
72055,,1,0.3786270346779901,0.267515923566879,0.35385704175513094
13891,,1,0.3786270346779901,0.267515923566879,0.35385704175513094
15640,,2,0.3767605633802817,0.4119718309859155,0.2112676056338028
60053,,3,0.30650319829424305,0.3411513859275053,0.3523454157782516
169176,,1,0.6486486486486487,0.16216216216216217,0.1891891891891892
77505,,3,0.327639751552795,0.281055900621118,0.391304347826087
66733,,2,0.3279742765273312,0.3987138263665595,0.2733118971061093
113644,,2,0.3767605633802817,0.4119718309859155,0.2112676056338028
86101,,3,0.30650319829424305,0.3411513859275053,0.3523454157782516
108340,,1,0.3786270346779901,0.267515923566879,0.35385704175513094
99400,,1,0.3786270346779901,0.267515923566879,0.35385704175513094
106827,,3,0.30650319829424305,0.3411513859275053,0.3523454157782516
171090,,1,0.3786270346779901,0.267515923566879,0.35385704175513094
69310,,3,0.327639751552795,0.281055900621118,0.391304347826087
96384,,3,0.15789473684210525,0.3881578947368421,0.45394736842105265
78121,,2,0.3279742765273312,0.3987138263665595,0.2733118971061093
186687,,2,0.3767605633802817,0.4119718309859155,0.2112676056338028
110426,,3,0.30650319829424305,0.3411513859275053,0.3523454157782516
88119,,2,0.3111111111111111,0.5888888888888889,0.1
106312,,1,0.49014084507042255,0.2056338028169014,0.30422535211267604
145203,,3,0.30650319829424305,0.3411513859275053,0.3523454157782516
154221,,2,0.3279742765273312,0.3987138263665595,0.2733118971061093
159743,,2,0.3279742765273312,0.3987138263665595,0.2733118971061093
42099,,1,0.3786270346779901,0.267515923566879,0.35385704175513094
91611,,1,0.3786270346779901,0.267515923566879,0.35385704175513094
111112,,1,0.49014084507042255,0.2056338028169014,0.30422535211267604
105503,,3,0.30650319829424305,0.3411513859275053,0.3523454157782516
105129,,3,0.30650319829424305,0.3411513859275053,0.3523454157782516
110323,,2,0.2857142857142857,0.36278195488721804,0.35150375939849626
123406,,3,0.327639751552795,0.281055900621118,0.391304347826087
72580,,1,0.3786270346779901,0.267515923566879,0.35385704175513094
94838,,3,0.15789473684210525,0.3881578947368421,0.45394736842105265
145716,,1,0.3786270346779901,0.267515923566879,0.35385704175513094
20033,,3,0.30650319829424305,0.3411513859275053,0.3523454157782516
73786,,3,0.30650319829424305,0.3411513859275053,0.3523454157782516
45680,,1,0.6086956521739131,0.2391304347826087,0.15217391304347827
138396,,1,0.3786270346779901,0.267515923566879,0.35385704175513094
106695,,2,0.2857142857142857,0.36278195488721804,0.35150375939849626
25564,,1,0.3786270346779901,0.267515923566879,0.35385704175513094
113569,,2,0.3279742765273312,0.3987138263665595,0.2733118971061093
25334,,2,0.3279742765273312,0.3987138263665595,0.2733118971061093
62680,,3,0.30650319829424305,0.3411513859275053,0.3523454157782516
133879,,1,0.3786270346779901,0.267515923566879,0.35385704175513094
110542,,3,0.30650319829424305,0.3411513859275053,0.3523454157782516
97321,,1,0.4652777777777778,0.2222222222222222,0.3125
129890,,3,0.30650319829424305,0.3411513859275053,0.3523454157782516
117046,,2,0.2857142857142857,0.36278195488721804,0.35150375939849626
114408,,1,0.49014084507042255,0.2056338028169014,0.30422535211267604
120941,,1,0.3786270346779901,0.267515923566879,0.35385704175513094
29670,,3,0.327639751552795,0.281055900621118,0.391304347826087
73339,,1,0.49014084507042255,0.2056338028169014,0.30422535211267604
52448,,1,0.3786270346779901,0.267515923566879,0.35385704175513094
48134,,3,0.30650319829424305,0.3411513859275053,0.3523454157782516
20394,,2,0.3279742765273312,0.3987138263665595,0.2733118971061093
64719,,2,0.2857142857142857,0.36278195488721804,0.35150375939849626
86286,,1,0.49014084507042255,0.2056338028169014,0.30422535211267604
132026,,1,0.3786270346779901,0.267515923566879,0.35385704175513094
95835,,3,0.30650319829424305,0.3411513859275053,0.3523454157782516
96717,,3,0.30650319829424305,0.3411513859275053,0.3523454157782516
64922,,2,0.3279742765273312,0.3987138263665595,0.2733118971061093
118414,,1,0.3786270346779901,0.267515923566879,0.35385704175513094
102387,,3,0.327639751552795,0.281055900621118,0.391304347826087
95555,,3,0.15789473684210525,0.3881578947368421,0.45394736842105265
106593,,2,0.3111111111111111,0.5888888888888889,0.1
142903,,1,0.4652777777777778,0.2222222222222222,0.3125
113560,,2,0.3279742765273312,0.3987138263665595,0.2733118971061093
62173,,1,0.4652777777777778,0.2222222222222222,0.3125
150542,,1,0.49014084507042255,0.2056338028169014,0.30422535211267604
101455,,3,0.30650319829424305,0.3411513859275053,0.3523454157782516
27954,,1,0.49014084507042255,0.2056338028169014,0.30422535211267604
98154,,3,0.30650319829424305,0.3411513859275053,0.3523454157782516
71475,,3,0.30650319829424305,0.3411513859275053,0.3523454157782516
19441,,3,0.27310924369747897,0.2184873949579832,0.5084033613445378
24471,,3,0.27310924369747897,0.2184873949579832,0.5084033613445378
70348,,3,0.30650319829424305,0.3411513859275053,0.3523454157782516
120337,,1,0.3786270346779901,0.267515923566879,0.35385704175513094
117882,,3,0.30650319829424305,0.3411513859275053,0.3523454157782516
101943,,3,0.327639751552795,0.281055900621118,0.391304347826087
110564,,3,0.30650319829424305,0.3411513859275053,0.3523454157782516
2626,,3,0.30650319829424305,0.3411513859275053,0.3523454157782516
71562,,2,0.3279742765273312,0.3987138263665595,0.2733118971061093
51792,,2,0.3279742765273312,0.3987138263665595,0.2733118971061093
55129,,2,0.3767605633802817,0.4119718309859155,0.2112676056338028
71456,,2,0.3279742765273312,0.3987138263665595,0.2733118971061093
133433,,1,0.49014084507042255,0.2056338028169014,0.30422535211267604
98169,,2,0.2857142857142857,0.36278195488721804,0.35150375939849626
29689,,3,0.15789473684210525,0.3881578947368421,0.45394736842105265
102054,,3,0.30650319829424305,0.3411513859275053,0.3523454157782516
148181,,1,0.3786270346779901,0.267515923566879,0.35385704175513094
111226,,1,0.49014084507042255,0.2056338028169014,0.30422535211267604
129549,,3,0.327639751552795,0.281055900621118,0.391304347826087
106707,,2,0.3111111111111111,0.5888888888888889,0.1
149034,,1,0.3786270346779901,0.267515923566879,0.35385704175513094
177665,,2,0.2857142857142857,0.36278195488721804,0.35150375939849626
47765,,3,0.30650319829424305,0.3411513859275053,0.3523454157782516
104042,,3,0.327639751552795,0.281055900621118,0.391304347826087
74822,,1,0.49014084507042255,0.2056338028169014,0.30422535211267604
55407,,1,0.6086956521739131,0.2391304347826087,0.15217391304347827
74000,,3,0.27310924369747897,0.2184873949579832,0.5084033613445378
118944,,1,0.49014084507042255,0.2056338028169014,0.30422535211267604
122876,,1,0.3786270346779901,0.267515923566879,0.35385704175513094
23309,,3,0.327639751552795,0.281055900621118,0.391304347826087
32859,,1,0.3786270346779901,0.267515923566879,0.35385704175513094
152461,,2,0.3767605633802817,0.4119718309859155,0.2112676056338028
106622,,3,0.30650319829424305,0.3411513859275053,0.3523454157782516
187520,,1,0.3786270346779901,0.267515923566879,0.35385704175513094
48573,,3,0.30650319829424305,0.3411513859275053,0.3523454157782516
136738,,3,0.30650319829424305,0.3411513859275053,0.3523454157782516
62159,,3,0.15789473684210525,0.3881578947368421,0.45394736842105265
102203,,3,0.30650319829424305,0.3411513859275053,0.3523454157782516
13848,,2,0.2857142857142857,0.36278195488721804,0.35150375939849626
4021,,3,0.27310924369747897,0.2184873949579832,0.5084033613445378
97218,,3,0.30650319829424305,0.3411513859275053,0.3523454157782516
58397,,1,0.3786270346779901,0.267515923566879,0.35385704175513094
127455,,3,0.30650319829424305,0.3411513859275053,0.3523454157782516
102083,,3,0.327639751552795,0.281055900621118,0.391304347826087
177188,,3,0.30650319829424305,0.3411513859275053,0.3523454157782516
45468,,3,0.327639751552795,0.281055900621118,0.391304347826087
132988,,1,0.3786270346779901,0.267515923566879,0.35385704175513094
17665,,3,0.30650319829424305,0.3411513859275053,0.3523454157782516
171106,,2,0.3279742765273312,0.3987138263665595,0.2733118971061093
103458,,2,0.3111111111111111,0.5888888888888889,0.1
59339,,1,0.3786270346779901,0.267515923566879,0.35385704175513094
104325,,1,0.3786270346779901,0.267515923566879,0.35385704175513094
122194,,3,0.327639751552795,0.281055900621118,0.391304347826087
120543,,3,0.30650319829424305,0.3411513859275053,0.3523454157782516
149897,,3,0.30650319829424305,0.3411513859275053,0.3523454157782516
120322,,3,0.327639751552795,0.281055900621118,0.391304347826087
61634,,1,0.4652777777777778,0.2222222222222222,0.3125
4442,,3,0.30650319829424305,0.3411513859275053,0.3523454157782516
81984,,1,0.3786270346779901,0.267515923566879,0.35385704175513094
64855,,3,0.30650319829424305,0.3411513859275053,0.3523454157782516
66141,,3,0.30650319829424305,0.3411513859275053,0.3523454157782516
55319,,1,0.3786270346779901,0.267515923566879,0.35385704175513094
133792,,3,0.30650319829424305,0.3411513859275053,0.3523454157782516
123165,,3,0.327639751552795,0.281055900621118,0.391304347826087
39252,,1,0.3786270346779901,0.267515923566879,0.35385704175513094
134265,,1,0.3786270346779901,0.267515923566879,0.35385704175513094
67863,,3,0.30650319829424305,0.3411513859275053,0.3523454157782516
135118,,3,0.15789473684210525,0.3881578947368421,0.45394736842105265
117066,,3,0.27310924369747897,0.2184873949579832,0.5084033613445378
46487,,1,0.3786270346779901,0.267515923566879,0.35385704175513094
103901,,3,0.30650319829424305,0.3411513859275053,0.3523454157782516
60527,,3,0.30650319829424305,0.3411513859275053,0.3523454157782516
109806,,1,0.3786270346779901,0.267515923566879,0.35385704175513094
145700,,1,0.49014084507042255,0.2056338028169014,0.30422535211267604
72554,,1,0.3786270346779901,0.267515923566879,0.35385704175513094
70206,,2,0.3767605633802817,0.4119718309859155,0.2112676056338028
85770,,1,0.49014084507042255,0.2056338028169014,0.30422535211267604
151026,,2,0.3279742765273312,0.3987138263665595,0.2733118971061093
95087,,3,0.30650319829424305,0.3411513859275053,0.3523454157782516
149621,,3,0.30650319829424305,0.3411513859275053,0.3523454157782516
91370,,2,0.3111111111111111,0.5888888888888889,0.1
33839,,2,0.3279742765273312,0.3987138263665595,0.2733118971061093
99021,,2,0.2857142857142857,0.36278195488721804,0.35150375939849626
124705,,3,0.30650319829424305,0.3411513859275053,0.3523454157782516
127545,,2,0.2857142857142857,0.36278195488721804,0.35150375939849626
2548,,2,0.2857142857142857,0.36278195488721804,0.35150375939849626
25503,,3,0.30650319829424305,0.3411513859275053,0.3523454157782516
94747,,1,0.3786270346779901,0.267515923566879,0.35385704175513094
110591,,3,0.30650319829424305,0.3411513859275053,0.3523454157782516
11691,,3,0.30650319829424305,0.3411513859275053,0.3523454157782516
134569,,1,0.49014084507042255,0.2056338028169014,0.30422535211267604
96573,,1,0.4652777777777778,0.2222222222222222,0.3125
106720,,1,0.3786270346779901,0.267515923566879,0.35385704175513094
89419,,3,0.30650319829424305,0.3411513859275053,0.3523454157782516
95280,,1,0.3786270346779901,0.267515923566879,0.35385704175513094
96580,,3,0.327639751552795,0.281055900621118,0.391304347826087
98112,,2,0.3767605633802817,0.4119718309859155,0.2112676056338028
58916,,3,0.30650319829424305,0.3411513859275053,0.3523454157782516
169465,,2,0.3767605633802817,0.4119718309859155,0.2112676056338028
149274,,3,0.15789473684210525,0.3881578947368421,0.45394736842105265
49521,,3,0.327639751552795,0.281055900621118,0.391304347826087
70210,,3,0.15789473684210525,0.3881578947368421,0.45394736842105265
148560,,2,0.3767605633802817,0.4119718309859155,0.2112676056338028
136114,,3,0.30650319829424305,0.3411513859275053,0.3523454157782516
110093,,1,0.49014084507042255,0.2056338028169014,0.30422535211267604
13200,,1,0.3786270346779901,0.267515923566879,0.35385704175513094
46613,,1,0.3786270346779901,0.267515923566879,0.35385704175513094
148833,,1,0.3786270346779901,0.267515923566879,0.35385704175513094
170578,,2,0.3767605633802817,0.4119718309859155,0.2112676056338028
56961,,3,0.30650319829424305,0.3411513859275053,0.3523454157782516
97207,,1,0.3786270346779901,0.267515923566879,0.35385704175513094
25557,,3,0.327639751552795,0.281055900621118,0.391304347826087
152445,,3,0.30650319829424305,0.3411513859275053,0.3523454157782516
92161,,1,0.3786270346779901,0.267515923566879,0.35385704175513094
24912,,1,0.3786270346779901,0.267515923566879,0.35385704175513094
106528,,3,0.30650319829424305,0.3411513859275053,0.3523454157782516
113600,,2,0.3279742765273312,0.3987138263665595,0.2733118971061093
120480,,2,0.3279742765273312,0.3987138263665595,0.2733118971061093
3013,,3,0.27310924369747897,0.2184873949579832,0.5084033613445378
29554,,3,0.30650319829424305,0.3411513859275053,0.3523454157782516
59015,,3,0.327639751552795,0.281055900621118,0.391304347826087
106886,,3,0.30650319829424305,0.3411513859275053,0.3523454157782516
145612,,3,0.30650319829424305,0.3411513859275053,0.3523454157782516
48530,,1,0.3786270346779901,0.267515923566879,0.35385704175513094
72697,,3,0.30650319829424305,0.3411513859275053,0.3523454157782516
2609,,3,0.15789473684210525,0.3881578947368421,0.45394736842105265
106516,,3,0.30650319829424305,0.3411513859275053,0.3523454157782516
2989,,1,0.3786270346779901,0.267515923566879,0.35385704175513094
65542,,3,0.327639751552795,0.281055900621118,0.391304347826087
187357,,3,0.327639751552795,0.281055900621118,0.391304347826087
66672,,1,0.6486486486486487,0.16216216216216217,0.1891891891891892
121038,,2,0.3279742765273312,0.3987138263665595,0.2733118971061093
159892,,3,0.15789473684210525,0.3881578947368421,0.45394736842105265
143505,,1,0.6086956521739131,0.2391304347826087,0.15217391304347827
151451,,2,0.3279742765273312,0.3987138263665595,0.2733118971061093
71689,,3,0.30650319829424305,0.3411513859275053,0.3523454157782516
63566,,3,0.30650319829424305,0.3411513859275053,0.3523454157782516
64805,,2,0.3767605633802817,0.4119718309859155,0.2112676056338028
22723,,2,0.2857142857142857,0.36278195488721804,0.35150375939849626
126297,,2,0.3279742765273312,0.3987138263665595,0.2733118971061093
62487,,1,0.3786270346779901,0.267515923566879,0.35385704175513094
134690,,3,0.30650319829424305,0.3411513859275053,0.3523454157782516
97395,,3,0.30650319829424305,0.3411513859275053,0.3523454157782516
57106,,2,0.2857142857142857,0.36278195488721804,0.35150375939849626
134109,,3,0.30650319829424305,0.3411513859275053,0.3523454157782516
70672,,1,0.49014084507042255,0.2056338028169014,0.30422535211267604
58245,,1,0.3786270346779901,0.267515923566879,0.35385704175513094
145104,,3,0.30650319829424305,0.3411513859275053,0.3523454157782516
15976,,3,0.30650319829424305,0.3411513859275053,0.3523454157782516
108627,,2,0.3111111111111111,0.5888888888888889,0.1
19118,,2,0.2857142857142857,0.36278195488721804,0.35150375939849626
25448,,2,0.2857142857142857,0.36278195488721804,0.35150375939849626
105869,,3,0.30650319829424305,0.3411513859275053,0.3523454157782516
150454,,1,0.49014084507042255,0.2056338028169014,0.30422535211267604
124716,,3,0.27310924369747897,0.2184873949579832,0.5084033613445378
30221,,3,0.30650319829424305,0.3411513859275053,0.3523454157782516
150597,,3,0.30650319829424305,0.3411513859275053,0.3523454157782516
4780,,3,0.15789473684210525,0.3881578947368421,0.45394736842105265
102645,,2,0.3767605633802817,0.4119718309859155,0.2112676056338028
145527,,3,0.327639751552795,0.281055900621118,0.391304347826087
108723,,2,0.3279742765273312,0.3987138263665595,0.2733118971061093
13888,,2,0.3279742765273312,0.3987138263665595,0.2733118971061093
158840,,3,0.30650319829424305,0.3411513859275053,0.3523454157782516
121495,,1,0.3786270346779901,0.267515923566879,0.35385704175513094
99516,,2,0.2857142857142857,0.36278195488721804,0.35150375939849626
19429,,2,0.2857142857142857,0.36278195488721804,0.35150375939849626
97382,,2,0.2857142857142857,0.36278195488721804,0.35150375939849626
118314,,3,0.27310924369747897,0.2184873949579832,0.5084033613445378
132277,,3,0.30650319829424305,0.3411513859275053,0.3523454157782516
151130,,3,0.30650319829424305,0.3411513859275053,0.3523454157782516
138458,,3,0.30650319829424305,0.3411513859275053,0.3523454157782516
137896,,2,0.3767605633802817,0.4119718309859155,0.2112676056338028
46790,,2,0.2857142857142857,0.36278195488721804,0.35150375939849626
130229,,2,0.3767605633802817,0.4119718309859155,0.2112676056338028
103810,,3,0.30650319829424305,0.3411513859275053,0.3523454157782516
19523,,1,0.3786270346779901,0.267515923566879,0.35385704175513094
109297,,3,0.30650319829424305,0.3411513859275053,0.3523454157782516
118160,,3,0.30650319829424305,0.3411513859275053,0.3523454157782516
152906,,1,0.49014084507042255,0.2056338028169014,0.30422535211267604
106119,,3,0.327639751552795,0.281055900621118,0.391304347826087
118170,,1,0.3786270346779901,0.267515923566879,0.35385704175513094
13331,,3,0.30650319829424305,0.3411513859275053,0.3523454157782516
134546,,3,0.327639751552795,0.281055900621118,0.391304347826087
145265,,1,0.4652777777777778,0.2222222222222222,0.3125
105136,,1,0.3786270346779901,0.267515923566879,0.35385704175513094
122886,,1,0.6486486486486487,0.16216216216216217,0.1891891891891892
183016,,1,0.4652777777777778,0.2222222222222222,0.3125
103666,,1,0.3786270346779901,0.267515923566879,0.35385704175513094
70172,,3,0.30650319829424305,0.3411513859275053,0.3523454157782516
30180,,3,0.30650319829424305,0.3411513859275053,0.3523454157782516
79888,,3,0.327639751552795,0.281055900621118,0.391304347826087
118417,,2,0.3767605633802817,0.4119718309859155,0.2112676056338028
49590,,1,0.49014084507042255,0.2056338028169014,0.30422535211267604
33009,,3,0.30650319829424305,0.3411513859275053,0.3523454157782516
132295,,2,0.2857142857142857,0.36278195488721804,0.35150375939849626
13157,,3,0.27310924369747897,0.2184873949579832,0.5084033613445378
157950,,3,0.30650319829424305,0.3411513859275053,0.3523454157782516
167878,,1,0.3786270346779901,0.267515923566879,0.35385704175513094
150092,,3,0.327639751552795,0.281055900621118,0.391304347826087
38096,,1,0.49014084507042255,0.2056338028169014,0.30422535211267604
145286,,1,0.4652777777777778,0.2222222222222222,0.3125
158057,,3,0.30650319829424305,0.3411513859275053,0.3523454157782516
103733,,2,0.3767605633802817,0.4119718309859155,0.2112676056338028
136878,,1,0.49014084507042255,0.2056338028169014,0.30422535211267604
152857,,1,0.6086956521739131,0.2391304347826087,0.15217391304347827
172615,,3,0.327639751552795,0.281055900621118,0.391304347826087
152049,,1,0.4652777777777778,0.2222222222222222,0.3125
105526,,3,0.327639751552795,0.281055900621118,0.391304347826087
151277,,3,0.30650319829424305,0.3411513859275053,0.3523454157782516
59495,,2,0.3279742765273312,0.3987138263665595,0.2733118971061093
98105,,1,0.3786270346779901,0.267515923566879,0.35385704175513094
108647,,1,0.49014084507042255,0.2056338028169014,0.30422535211267604
5770,,3,0.327639751552795,0.281055900621118,0.391304347826087
145797,,3,0.30650319829424305,0.3411513859275053,0.3523454157782516
95398,,1,0.3786270346779901,0.267515923566879,0.35385704175513094
108742,,3,0.30650319829424305,0.3411513859275053,0.3523454157782516
106511,,3,0.15789473684210525,0.3881578947368421,0.45394736842105265
124246,,1,0.3786270346779901,0.267515923566879,0.35385704175513094
151794,,3,0.30650319829424305,0.3411513859275053,0.3523454157782516
122964,,2,0.2857142857142857,0.36278195488721804,0.35150375939849626
61124,,3,0.30650319829424305,0.3411513859275053,0.3523454157782516
11760,,3,0.30650319829424305,0.3411513859275053,0.3523454157782516
107131,,2,0.3767605633802817,0.4119718309859155,0.2112676056338028
133960,,3,0.30650319829424305,0.3411513859275053,0.3523454157782516
32904,,2,0.2857142857142857,0.36278195488721804,0.35150375939849626
95091,,2,0.3279742765273312,0.3987138263665595,0.2733118971061093
64789,,2,0.3279742765273312,0.3987138263665595,0.2733118971061093
107715,,1,0.3786270346779901,0.267515923566879,0.35385704175513094
52896,,3,0.30650319829424305,0.3411513859275053,0.3523454157782516
104312,,3,0.30650319829424305,0.3411513859275053,0.3523454157782516
131099,,1,0.3786270346779901,0.267515923566879,0.35385704175513094
102933,,3,0.15789473684210525,0.3881578947368421,0.45394736842105265
106636,,2,0.3279742765273312,0.3987138263665595,0.2733118971061093
151385,,3,0.30650319829424305,0.3411513859275053,0.3523454157782516
155250,,2,0.3279742765273312,0.3987138263665595,0.2733118971061093
159749,,2,0.3767605633802817,0.4119718309859155,0.2112676056338028
97398,,1,0.3786270346779901,0.267515923566879,0.35385704175513094
154417,,3,0.327639751552795,0.281055900621118,0.391304347826087
61068,,1,0.3786270346779901,0.267515923566879,0.35385704175513094
107963,,3,0.30650319829424305,0.3411513859275053,0.3523454157782516
109778,,3,0.30650319829424305,0.3411513859275053,0.3523454157782516
176552,,3,0.30650319829424305,0.3411513859275053,0.3523454157782516
111722,,1,0.3786270346779901,0.267515923566879,0.35385704175513094
172695,,3,0.30650319829424305,0.3411513859275053,0.3523454157782516
174617,,1,0.3786270346779901,0.267515923566879,0.35385704175513094
41768,,2,0.2857142857142857,0.36278195488721804,0.35150375939849626
149960,,1,0.49014084507042255,0.2056338028169014,0.30422535211267604
70536,,3,0.30650319829424305,0.3411513859275053,0.3523454157782516
74973,,2,0.3279742765273312,0.3987138263665595,0.2733118971061093
148849,,2,0.3767605633802817,0.4119718309859155,0.2112676056338028
158147,,3,0.30650319829424305,0.3411513859275053,0.3523454157782516
86897,,1,0.3786270346779901,0.267515923566879,0.35385704175513094
153113,,3,0.327639751552795,0.281055900621118,0.391304347826087
133471,,1,0.4652777777777778,0.2222222222222222,0.3125
90643,,3,0.30650319829424305,0.3411513859275053,0.3523454157782516
134974,,2,0.2857142857142857,0.36278195488721804,0.35150375939849626
118189,,2,0.3111111111111111,0.5888888888888889,0.1
39414,,1,0.3786270346779901,0.267515923566879,0.35385704175513094
23190,,3,0.327639751552795,0.281055900621118,0.391304347826087
81797,,3,0.327639751552795,0.281055900621118,0.391304347826087
88473,,2,0.2857142857142857,0.36278195488721804,0.35150375939849626
65145,,1,0.49014084507042255,0.2056338028169014,0.30422535211267604
171223,,2,0.3279742765273312,0.3987138263665595,0.2733118971061093
60266,,1,0.49014084507042255,0.2056338028169014,0.30422535211267604
57308,,3,0.30650319829424305,0.3411513859275053,0.3523454157782516
137367,,1,0.3786270346779901,0.267515923566879,0.35385704175513094
61376,,3,0.30650319829424305,0.3411513859275053,0.3523454157782516
149637,,3,0.30650319829424305,0.3411513859275053,0.3523454157782516
148535,,2,0.3767605633802817,0.4119718309859155,0.2112676056338028
87327,,1,0.3786270346779901,0.267515923566879,0.35385704175513094
71473,,3,0.27310924369747897,0.2184873949579832,0.5084033613445378
149633,,1,0.3786270346779901,0.267515923566879,0.35385704175513094
110059,,3,0.30650319829424305,0.3411513859275053,0.3523454157782516
104573,,3,0.30650319829424305,0.3411513859275053,0.3523454157782516
134176,,2,0.3767605633802817,0.4119718309859155,0.2112676056338028
23973,,3,0.30650319829424305,0.3411513859275053,0.3523454157782516
12769,,3,0.30650319829424305,0.3411513859275053,0.3523454157782516
64739,,3,0.27310924369747897,0.2184873949579832,0.5084033613445378
172824,,2,0.3767605633802817,0.4119718309859155,0.2112676056338028
39305,,1,0.3786270346779901,0.267515923566879,0.35385704175513094
118407,,3,0.30650319829424305,0.3411513859275053,0.3523454157782516
60076,,3,0.30650319829424305,0.3411513859275053,0.3523454157782516
155217,,3,0.15789473684210525,0.3881578947368421,0.45394736842105265
110605,,3,0.30650319829424305,0.3411513859275053,0.3523454157782516
62398,,3,0.27310924369747897,0.2184873949579832,0.5084033613445378
115384,,1,0.3786270346779901,0.267515923566879,0.35385704175513094
187335,,3,0.15789473684210525,0.3881578947368421,0.45394736842105265
64973,,2,0.3767605633802817,0.4119718309859155,0.2112676056338028
68903,,3,0.30650319829424305,0.3411513859275053,0.3523454157782516
173296,,1,0.4652777777777778,0.2222222222222222,0.3125
160235,,3,0.30650319829424305,0.3411513859275053,0.3523454157782516
155812,,2,0.3279742765273312,0.3987138263665595,0.2733118971061093
118080,,1,0.3786270346779901,0.267515923566879,0.35385704175513094
123907,,2,0.2857142857142857,0.36278195488721804,0.35150375939849626
134177,,1,0.3786270346779901,0.267515923566879,0.35385704175513094
151741,,3,0.327639751552795,0.281055900621118,0.391304347826087
32742,,3,0.30650319829424305,0.3411513859275053,0.3523454157782516
108314,,3,0.30650319829424305,0.3411513859275053,0.3523454157782516
108589,,3,0.30650319829424305,0.3411513859275053,0.3523454157782516
141701,,2,0.2857142857142857,0.36278195488721804,0.35150375939849626
94836,,3,0.327639751552795,0.281055900621118,0.391304347826087
155367,,2,0.3279742765273312,0.3987138263665595,0.2733118971061093
70038,,2,0.3279742765273312,0.3987138263665595,0.2733118971061093
135329,,2,0.3767605633802817,0.4119718309859155,0.2112676056338028
120311,,1,0.6486486486486487,0.16216216216216217,0.1891891891891892
62639,,3,0.30650319829424305,0.3411513859275053,0.3523454157782516
103827,,2,0.3279742765273312,0.3987138263665595,0.2733118971061093
132124,,2,0.3111111111111111,0.5888888888888889,0.1
85676,,3,0.327639751552795,0.281055900621118,0.391304347826087
108614,,1,0.49014084507042255,0.2056338028169014,0.30422535211267604
92162,,2,0.3279742765273312,0.3987138263665595,0.2733118971061093
25494,,3,0.30650319829424305,0.3411513859275053,0.3523454157782516
106584,,2,0.3767605633802817,0.4119718309859155,0.2112676056338028
66811,,3,0.27310924369747897,0.2184873949579832,0.5084033613445378
149507,,1,0.3786270346779901,0.267515923566879,0.35385704175513094
133243,,1,0.49014084507042255,0.2056338028169014,0.30422535211267604
108848,,2,0.3767605633802817,0.4119718309859155,0.2112676056338028
20402,,3,0.30650319829424305,0.3411513859275053,0.3523454157782516
118456,,2,0.3767605633802817,0.4119718309859155,0.2112676056338028
135022,,3,0.30650319829424305,0.3411513859275053,0.3523454157782516
18949,,3,0.327639751552795,0.281055900621118,0.391304347826087
106562,,2,0.3767605633802817,0.4119718309859155,0.2112676056338028
96142,,1,0.4652777777777778,0.2222222222222222,0.3125
98890,,2,0.3767605633802817,0.4119718309859155,0.2112676056338028
30213,,2,0.2857142857142857,0.36278195488721804,0.35150375939849626
15882,,1,0.49014084507042255,0.2056338028169014,0.30422535211267604
4030,2.0,3,0.15789473684210525,0.3881578947368421,0.45394736842105265
104207,,3,0.30650319829424305,0.3411513859275053,0.3523454157782516
159526,,3,0.30650319829424305,0.3411513859275053,0.3523454157782516
150464,,3,0.327639751552795,0.281055900621118,0.391304347826087
93872,,3,0.327639751552795,0.281055900621118,0.391304347826087
77464,,1,0.49014084507042255,0.2056338028169014,0.30422535211267604
108345,,1,0.3786270346779901,0.267515923566879,0.35385704175513094
149847,,3,0.30650319829424305,0.3411513859275053,0.3523454157782516
15936,,2,0.3767605633802817,0.4119718309859155,0.2112676056338028
58632,,3,0.327639751552795,0.281055900621118,0.391304347826087
179336,,3,0.27310924369747897,0.2184873949579832,0.5084033613445378
96009,,1,0.3786270346779901,0.267515923566879,0.35385704175513094
70129,,3,0.30650319829424305,0.3411513859275053,0.3523454157782516
108658,,3,0.327639751552795,0.281055900621118,0.391304347826087
86118,,1,0.3786270346779901,0.267515923566879,0.35385704175513094
145751,,2,0.3279742765273312,0.3987138263665595,0.2733118971061093
85586,,1,0.3786270346779901,0.267515923566879,0.35385704175513094
48450,,3,0.30650319829424305,0.3411513859275053,0.3523454157782516
64804,,1,0.3786270346779901,0.267515923566879,0.35385704175513094
102045,,2,0.2857142857142857,0.36278195488721804,0.35150375939849626
136001,,3,0.327639751552795,0.281055900621118,0.391304347826087
15718,,1,0.3786270346779901,0.267515923566879,0.35385704175513094
16641,,2,0.3279742765273312,0.3987138263665595,0.2733118971061093
28159,,1,0.4652777777777778,0.2222222222222222,0.3125
57456,,3,0.15789473684210525,0.3881578947368421,0.45394736842105265
149411,,3,0.30650319829424305,0.3411513859275053,0.3523454157782516
20466,,3,0.327639751552795,0.281055900621118,0.391304347826087
96484,,1,0.3786270346779901,0.267515923566879,0.35385704175513094
136412,,1,0.3786270346779901,0.267515923566879,0.35385704175513094
133615,,3,0.30650319829424305,0.3411513859275053,0.3523454157782516
32820,,1,0.49014084507042255,0.2056338028169014,0.30422535211267604
92731,,3,0.30650319829424305,0.3411513859275053,0.3523454157782516
59443,,3,0.30650319829424305,0.3411513859275053,0.3523454157782516
59983,,2,0.2857142857142857,0.36278195488721804,0.35150375939849626
94653,,2,0.3111111111111111,0.5888888888888889,0.1
149757,,3,0.30650319829424305,0.3411513859275053,0.3523454157782516
39275,,2,0.2857142857142857,0.36278195488721804,0.35150375939849626
127336,,1,0.3786270346779901,0.267515923566879,0.35385704175513094
60487,,1,0.49014084507042255,0.2056338028169014,0.30422535211267604
71964,,2,0.3279742765273312,0.3987138263665595,0.2733118971061093
171211,,3,0.27310924369747897,0.2184873949579832,0.5084033613445378
27285,,1,0.3786270346779901,0.267515923566879,0.35385704175513094
175272,,3,0.27310924369747897,0.2184873949579832,0.5084033613445378
16425,,3,0.27310924369747897,0.2184873949579832,0.5084033613445378
13896,,3,0.327639751552795,0.281055900621118,0.391304347826087
43429,,3,0.30650319829424305,0.3411513859275053,0.3523454157782516
75264,,1,0.3786270346779901,0.267515923566879,0.35385704175513094
33826,,2,0.3767605633802817,0.4119718309859155,0.2112676056338028
135554,,3,0.30650319829424305,0.3411513859275053,0.3523454157782516
73996,,1,0.3786270346779901,0.267515923566879,0.35385704175513094
139106,,1,0.6086956521739131,0.2391304347826087,0.15217391304347827
110221,,3,0.30650319829424305,0.3411513859275053,0.3523454157782516
69733,,3,0.30650319829424305,0.3411513859275053,0.3523454157782516
71573,,1,0.3786270346779901,0.267515923566879,0.35385704175513094
21891,,3,0.27310924369747897,0.2184873949579832,0.5084033613445378
95483,,1,0.3786270346779901,0.267515923566879,0.35385704175513094
131294,,3,0.327639751552795,0.281055900621118,0.391304347826087
98440,,2,0.2857142857142857,0.36278195488721804,0.35150375939849626
126521,,1,0.49014084507042255,0.2056338028169014,0.30422535211267604
158088,,2,0.2857142857142857,0.36278195488721804,0.35150375939849626
96230,,3,0.30650319829424305,0.3411513859275053,0.3523454157782516
123532,,1,0.3786270346779901,0.267515923566879,0.35385704175513094
108867,,2,0.3279742765273312,0.3987138263665595,0.2733118971061093
116420,,3,0.30650319829424305,0.3411513859275053,0.3523454157782516
155373,,3,0.27310924369747897,0.2184873949579832,0.5084033613445378
101953,,2,0.3111111111111111,0.5888888888888889,0.1
110204,,2,0.3279742765273312,0.3987138263665595,0.2733118971061093
55370,,3,0.27310924369747897,0.2184873949579832,0.5084033613445378
95845,,2,0.3767605633802817,0.4119718309859155,0.2112676056338028
129468,,2,0.3279742765273312,0.3987138263665595,0.2733118971061093
42100,,2,0.3279742765273312,0.3987138263665595,0.2733118971061093
65048,,3,0.327639751552795,0.281055900621118,0.391304347826087
27729,,1,0.3786270346779901,0.267515923566879,0.35385704175513094
107840,,1,0.49014084507042255,0.2056338028169014,0.30422535211267604
118384,,3,0.30650319829424305,0.3411513859275053,0.3523454157782516
64694,,1,0.3786270346779901,0.267515923566879,0.35385704175513094
151442,,1,0.3786270346779901,0.267515923566879,0.35385704175513094
108761,,3,0.327639751552795,0.281055900621118,0.391304347826087
41869,,1,0.3786270346779901,0.267515923566879,0.35385704175513094
106596,,1,0.49014084507042255,0.2056338028169014,0.30422535211267604
113530,,1,0.3786270346779901,0.267515923566879,0.35385704175513094
150677,,3,0.15789473684210525,0.3881578947368421,0.45394736842105265
153224,,2,0.3767605633802817,0.4119718309859155,0.2112676056338028
25090,,2,0.3279742765273312,0.3987138263665595,0.2733118971061093
172450,,1,0.3786270346779901,0.267515923566879,0.35385704175513094
66430,,1,0.49014084507042255,0.2056338028169014,0.30422535211267604
15278,,3,0.327639751552795,0.281055900621118,0.391304347826087
118192,,2,0.3111111111111111,0.5888888888888889,0.1
174997,,3,0.30650319829424305,0.3411513859275053,0.3523454157782516
25783,,3,0.30650319829424305,0.3411513859275053,0.3523454157782516
136903,,2,0.2857142857142857,0.36278195488721804,0.35150375939849626
70579,,1,0.3786270346779901,0.267515923566879,0.35385704175513094
116195,,3,0.30650319829424305,0.3411513859275053,0.3523454157782516
121044,,2,0.3279742765273312,0.3987138263665595,0.2733118971061093
133970,,3,0.30650319829424305,0.3411513859275053,0.3523454157782516
123253,,3,0.27310924369747897,0.2184873949579832,0.5084033613445378
108748,,3,0.30650319829424305,0.3411513859275053,0.3523454157782516
2996,,2,0.2857142857142857,0.36278195488721804,0.35150375939849626
29277,,3,0.30650319829424305,0.3411513859275053,0.3523454157782516
150341,,3,0.327639751552795,0.281055900621118,0.391304347826087
70254,,1,0.3786270346779901,0.267515923566879,0.35385704175513094
134462,,3,0.327639751552795,0.281055900621118,0.391304347826087
121225,,2,0.2857142857142857,0.36278195488721804,0.35150375939849626
89873,,1,0.3786270346779901,0.267515923566879,0.35385704175513094
13251,,3,0.30650319829424305,0.3411513859275053,0.3523454157782516
29929,,3,0.30650319829424305,0.3411513859275053,0.3523454157782516
81087,,2,0.2857142857142857,0.36278195488721804,0.35150375939849626
70182,,3,0.27310924369747897,0.2184873949579832,0.5084033613445378
4929,,3,0.30650319829424305,0.3411513859275053,0.3523454157782516
110271,,1,0.49014084507042255,0.2056338028169014,0.30422535211267604
170598,,2,0.3279742765273312,0.3987138263665595,0.2733118971061093
126983,,3,0.30650319829424305,0.3411513859275053,0.3523454157782516
59067,,1,0.3786270346779901,0.267515923566879,0.35385704175513094
127295,,3,0.30650319829424305,0.3411513859275053,0.3523454157782516
131461,,2,0.2857142857142857,0.36278195488721804,0.35150375939849626
134673,,1,0.49014084507042255,0.2056338028169014,0.30422535211267604
152949,,3,0.15789473684210525,0.3881578947368421,0.45394736842105265
23512,,2,0.3279742765273312,0.3987138263665595,0.2733118971061093
60856,,1,0.3786270346779901,0.267515923566879,0.35385704175513094
112933,,1,0.3786270346779901,0.267515923566879,0.35385704175513094
70019,,1,0.3786270346779901,0.267515923566879,0.35385704175513094
99112,,2,0.3279742765273312,0.3987138263665595,0.2733118971061093
98195,,2,0.2857142857142857,0.36278195488721804,0.35150375939849626
136941,,3,0.30650319829424305,0.3411513859275053,0.3523454157782516
71761,,2,0.3279742765273312,0.3987138263665595,0.2733118971061093
168503,,2,0.3279742765273312,0.3987138263665595,0.2733118971061093
98782,,3,0.327639751552795,0.281055900621118,0.391304347826087
15660,,2,0.3767605633802817,0.4119718309859155,0.2112676056338028
32706,,3,0.30650319829424305,0.3411513859275053,0.3523454157782516
38194,,1,0.49014084507042255,0.2056338028169014,0.30422535211267604
85106,,3,0.30650319829424305,0.3411513859275053,0.3523454157782516
23589,,1,0.3786270346779901,0.267515923566879,0.35385704175513094
61506,,3,0.327639751552795,0.281055900621118,0.391304347826087
106305,,3,0.30650319829424305,0.3411513859275053,0.3523454157782516
95817,,1,0.3786270346779901,0.267515923566879,0.35385704175513094
175154,,2,0.3767605633802817,0.4119718309859155,0.2112676056338028
71503,,3,0.27310924369747897,0.2184873949579832,0.5084033613445378
112894,,3,0.30650319829424305,0.3411513859275053,0.3523454157782516
59971,,3,0.30650319829424305,0.3411513859275053,0.3523454157782516
66688,,2,0.3279742765273312,0.3987138263665595,0.2733118971061093
111958,,3,0.30650319829424305,0.3411513859275053,0.3523454157782516
150449,,1,0.49014084507042255,0.2056338028169014,0.30422535211267604
100861,,2,0.3111111111111111,0.5888888888888889,0.1
94792,,3,0.327639751552795,0.281055900621118,0.391304347826087
99844,,3,0.327639751552795,0.281055900621118,0.391304347826087
104642,,1,0.49014084507042255,0.2056338028169014,0.30422535211267604
74996,,2,0.3279742765273312,0.3987138263665595,0.2733118971061093
70550,,2,0.2857142857142857,0.36278195488721804,0.35150375939849626
75231,,3,0.30650319829424305,0.3411513859275053,0.3523454157782516
123299,,2,0.2857142857142857,0.36278195488721804,0.35150375939849626
98991,,3,0.30650319829424305,0.3411513859275053,0.3523454157782516
144428,,1,0.49014084507042255,0.2056338028169014,0.30422535211267604
38494,,1,0.6086956521739131,0.2391304347826087,0.15217391304347827
151133,,2,0.3279742765273312,0.3987138263665595,0.2733118971061093
155198,,3,0.27310924369747897,0.2184873949579832,0.5084033613445378
110534,,3,0.30650319829424305,0.3411513859275053,0.3523454157782516
105841,,1,0.4652777777777778,0.2222222222222222,0.3125
132163,,1,0.3786270346779901,0.267515923566879,0.35385704175513094
141024,,1,0.4652777777777778,0.2222222222222222,0.3125
11687,,2,0.3279742765273312,0.3987138263665595,0.2733118971061093
60082,,3,0.27310924369747897,0.2184873949579832,0.5084033613445378
58793,,3,0.327639751552795,0.281055900621118,0.391304347826087
107836,,3,0.327639751552795,0.281055900621118,0.391304347826087
166816,,3,0.30650319829424305,0.3411513859275053,0.3523454157782516
97206,,2,0.3279742765273312,0.3987138263665595,0.2733118971061093
116741,,3,0.327639751552795,0.281055900621118,0.391304347826087
59097,,1,0.3786270346779901,0.267515923566879,0.35385704175513094
20511,,2,0.3279742765273312,0.3987138263665595,0.2733118971061093
100657,,3,0.327639751552795,0.281055900621118,0.391304347826087
118475,,1,0.3786270346779901,0.267515923566879,0.35385704175513094
32985,,3,0.30650319829424305,0.3411513859275053,0.3523454157782516
173615,,2,0.3767605633802817,0.4119718309859155,0.2112676056338028
87225,,1,0.3786270346779901,0.267515923566879,0.35385704175513094
170689,,3,0.327639751552795,0.281055900621118,0.391304347826087
104176,,3,0.30650319829424305,0.3411513859275053,0.3523454157782516
115192,,3,0.30650319829424305,0.3411513859275053,0.3523454157782516
115956,,3,0.30650319829424305,0.3411513859275053,0.3523454157782516
100584,,2,0.3767605633802817,0.4119718309859155,0.2112676056338028
3996,,2,0.2857142857142857,0.36278195488721804,0.35150375939849626
58740,,3,0.27310924369747897,0.2184873949579832,0.5084033613445378
1475,,3,0.327639751552795,0.281055900621118,0.391304347826087
111724,,1,0.49014084507042255,0.2056338028169014,0.30422535211267604
132025,,3,0.30650319829424305,0.3411513859275053,0.3523454157782516
95027,,3,0.30650319829424305,0.3411513859275053,0.3523454157782516
105260,,2,0.3279742765273312,0.3987138263665595,0.2733118971061093
4533,,3,0.327639751552795,0.281055900621118,0.391304347826087
108333,,1,0.3786270346779901,0.267515923566879,0.35385704175513094
42103,,3,0.30650319829424305,0.3411513859275053,0.3523454157782516
103445,,1,0.3786270346779901,0.267515923566879,0.35385704175513094
107523,,3,0.30650319829424305,0.3411513859275053,0.3523454157782516
145912,,3,0.15789473684210525,0.3881578947368421,0.45394736842105265
100542,,1,0.3786270346779901,0.267515923566879,0.35385704175513094
60361,,1,0.49014084507042255,0.2056338028169014,0.30422535211267604
115177,,1,0.3786270346779901,0.267515923566879,0.35385704175513094
106762,,3,0.30650319829424305,0.3411513859275053,0.3523454157782516
126555,,1,0.3786270346779901,0.267515923566879,0.35385704175513094
28944,,2,0.3279742765273312,0.3987138263665595,0.2733118971061093
62090,,3,0.27310924369747897,0.2184873949579832,0.5084033613445378
75004,,2,0.3279742765273312,0.3987138263665595,0.2733118971061093
130274,,2,0.2857142857142857,0.36278195488721804,0.35150375939849626
136776,,1,0.4652777777777778,0.2222222222222222,0.3125
29984,,3,0.30650319829424305,0.3411513859275053,0.3523454157782516
5817,,2,0.3767605633802817,0.4119718309859155,0.2112676056338028
109435,,3,0.30650319829424305,0.3411513859275053,0.3523454157782516
15868,,3,0.327639751552795,0.281055900621118,0.391304347826087
156162,,3,0.30650319829424305,0.3411513859275053,0.3523454157782516
93887,,1,0.49014084507042255,0.2056338028169014,0.30422535211267604
96524,,1,0.3786270346779901,0.267515923566879,0.35385704175513094
75084,,3,0.30650319829424305,0.3411513859275053,0.3523454157782516
132206,,3,0.30650319829424305,0.3411513859275053,0.3523454157782516
105255,,3,0.30650319829424305,0.3411513859275053,0.3523454157782516
42274,,2,0.3279742765273312,0.3987138263665595,0.2733118971061093
172652,,1,0.49014084507042255,0.2056338028169014,0.30422535211267604
56483,,1,0.49014084507042255,0.2056338028169014,0.30422535211267604
118299,,1,0.4652777777777778,0.2222222222222222,0.3125
60430,,1,0.3786270346779901,0.267515923566879,0.35385704175513094
138013,,1,0.3786270346779901,0.267515923566879,0.35385704175513094
135169,,2,0.3279742765273312,0.3987138263665595,0.2733118971061093
159916,,3,0.30650319829424305,0.3411513859275053,0.3523454157782516
104153,,2,0.2857142857142857,0.36278195488721804,0.35150375939849626
107814,,1,0.3786270346779901,0.267515923566879,0.35385704175513094
118367,,3,0.27310924369747897,0.2184873949579832,0.5084033613445378
29938,,3,0.327639751552795,0.281055900621118,0.391304347826087
99681,,1,0.3786270346779901,0.267515923566879,0.35385704175513094
45570,,1,0.3786270346779901,0.267515923566879,0.35385704175513094
39359,,3,0.30650319829424305,0.3411513859275053,0.3523454157782516
120714,,3,0.30650319829424305,0.3411513859275053,0.3523454157782516
153272,,3,0.327639751552795,0.281055900621118,0.391304347826087
43583,,1,0.49014084507042255,0.2056338028169014,0.30422535211267604
96539,,3,0.30650319829424305,0.3411513859275053,0.3523454157782516
27710,,3,0.327639751552795,0.281055900621118,0.391304347826087
121376,,3,0.30650319829424305,0.3411513859275053,0.3523454157782516
64673,,3,0.327639751552795,0.281055900621118,0.391304347826087
171228,,1,0.3786270346779901,0.267515923566879,0.35385704175513094
70290,,1,0.3786270346779901,0.267515923566879,0.35385704175513094
61519,,1,0.3786270346779901,0.267515923566879,0.35385704175513094
71494,,3,0.30650319829424305,0.3411513859275053,0.3523454157782516
149425,,1,0.3786270346779901,0.267515923566879,0.35385704175513094
82684,,2,0.3279742765273312,0.3987138263665595,0.2733118971061093
70542,,3,0.30650319829424305,0.3411513859275053,0.3523454157782516
13390,,1,0.49014084507042255,0.2056338028169014,0.30422535211267604
110347,,1,0.49014084507042255,0.2056338028169014,0.30422535211267604
163783,,3,0.27310924369747897,0.2184873949579832,0.5084033613445378
11746,,3,0.15789473684210525,0.3881578947368421,0.45394736842105265
121378,,1,0.49014084507042255,0.2056338028169014,0.30422535211267604
103683,,2,0.2857142857142857,0.36278195488721804,0.35150375939849626
149021,,3,0.30650319829424305,0.3411513859275053,0.3523454157782516
110669,,3,0.30650319829424305,0.3411513859275053,0.3523454157782516
29961,,3,0.30650319829424305,0.3411513859275053,0.3523454157782516
55443,,2,0.2857142857142857,0.36278195488721804,0.35150375939849626
25014,,3,0.30650319829424305,0.3411513859275053,0.3523454157782516
4298,,1,0.3786270346779901,0.267515923566879,0.35385704175513094
155876,,2,0.3111111111111111,0.5888888888888889,0.1
110286,,3,0.30650319829424305,0.3411513859275053,0.3523454157782516
32850,,3,0.27310924369747897,0.2184873949579832,0.5084033613445378
149456,,1,0.3786270346779901,0.267515923566879,0.35385704175513094
112270,,1,0.4652777777777778,0.2222222222222222,0.3125
152922,,1,0.3786270346779901,0.267515923566879,0.35385704175513094
99435,,2,0.3279742765273312,0.3987138263665595,0.2733118971061093
39327,,1,0.3786270346779901,0.267515923566879,0.35385704175513094
97783,,1,0.3786270346779901,0.267515923566879,0.35385704175513094
118617,,1,0.3786270346779901,0.267515923566879,0.35385704175513094
46623,,1,0.4652777777777778,0.2222222222222222,0.3125
33809,,2,0.2857142857142857,0.36278195488721804,0.35150375939849626
93015,,2,0.3111111111111111,0.5888888888888889,0.1
154623,,3,0.30650319829424305,0.3411513859275053,0.3523454157782516
48010,,3,0.27310924369747897,0.2184873949579832,0.5084033613445378
69140,,3,0.327639751552795,0.281055900621118,0.391304347826087
97371,,2,0.2857142857142857,0.36278195488721804,0.35150375939849626
159640,,3,0.30650319829424305,0.3411513859275053,0.3523454157782516
60121,,3,0.27310924369747897,0.2184873949579832,0.5084033613445378
59841,,1,0.3786270346779901,0.267515923566879,0.35385704175513094
130803,,3,0.27310924369747897,0.2184873949579832,0.5084033613445378
174935,,2,0.2857142857142857,0.36278195488721804,0.35150375939849626
45039,,2,0.2857142857142857,0.36278195488721804,0.35150375939849626
134242,,1,0.3786270346779901,0.267515923566879,0.35385704175513094
99661,,2,0.2857142857142857,0.36278195488721804,0.35150375939849626
57114,,3,0.27310924369747897,0.2184873949579832,0.5084033613445378
70833,,1,0.6086956521739131,0.2391304347826087,0.15217391304347827
87797,,3,0.30650319829424305,0.3411513859275053,0.3523454157782516
71714,,3,0.30650319829424305,0.3411513859275053,0.3523454157782516
1478,,1,0.3786270346779901,0.267515923566879,0.35385704175513094
154204,,3,0.30650319829424305,0.3411513859275053,0.3523454157782516
127821,,1,0.3786270346779901,0.267515923566879,0.35385704175513094
91894,,3,0.30650319829424305,0.3411513859275053,0.3523454157782516
4197,,3,0.15789473684210525,0.3881578947368421,0.45394736842105265
70860,,1,0.49014084507042255,0.2056338028169014,0.30422535211267604
25604,,3,0.30650319829424305,0.3411513859275053,0.3523454157782516
60292,,3,0.30650319829424305,0.3411513859275053,0.3523454157782516
107927,,2,0.3279742765273312,0.3987138263665595,0.2733118971061093
69860,,2,0.2857142857142857,0.36278195488721804,0.35150375939849626
123269,,2,0.3279742765273312,0.3987138263665595,0.2733118971061093
153173,,3,0.15789473684210525,0.3881578947368421,0.45394736842105265
4264,,3,0.30650319829424305,0.3411513859275053,0.3523454157782516
106781,,3,0.30650319829424305,0.3411513859275053,0.3523454157782516
23061,,3,0.15789473684210525,0.3881578947368421,0.45394736842105265
48063,,3,0.15789473684210525,0.3881578947368421,0.45394736842105265
18125,,3,0.327639751552795,0.281055900621118,0.391304347826087
60271,,1,0.3786270346779901,0.267515923566879,0.35385704175513094
68838,,1,0.3786270346779901,0.267515923566879,0.35385704175513094
96280,,3,0.27310924369747897,0.2184873949579832,0.5084033613445378
136452,,2,0.2857142857142857,0.36278195488721804,0.35150375939849626
59326,,3,0.15789473684210525,0.3881578947368421,0.45394736842105265
105020,,3,0.327639751552795,0.281055900621118,0.391304347826087
129918,,1,0.6086956521739131,0.2391304347826087,0.15217391304347827
135074,,3,0.30650319829424305,0.3411513859275053,0.3523454157782516
151477,,1,0.3786270346779901,0.267515923566879,0.35385704175513094
111205,,3,0.30650319829424305,0.3411513859275053,0.3523454157782516
61053,,1,0.6486486486486487,0.16216216216216217,0.1891891891891892
82968,,2,0.3279742765273312,0.3987138263665595,0.2733118971061093
75447,,2,0.2857142857142857,0.36278195488721804,0.35150375939849626
102643,,1,0.3786270346779901,0.267515923566879,0.35385704175513094
169459,,3,0.30650319829424305,0.3411513859275053,0.3523454157782516
105985,,1,0.3786270346779901,0.267515923566879,0.35385704175513094
125707,,2,0.2857142857142857,0.36278195488721804,0.35150375939849626
151154,,1,0.4652777777777778,0.2222222222222222,0.3125
41573,,1,0.49014084507042255,0.2056338028169014,0.30422535211267604
60055,,3,0.27310924369747897,0.2184873949579832,0.5084033613445378
151125,,2,0.2857142857142857,0.36278195488721804,0.35150375939849626
103546,,1,0.3786270346779901,0.267515923566879,0.35385704175513094
75008,,2,0.2857142857142857,0.36278195488721804,0.35150375939849626
103971,,1,0.3786270346779901,0.267515923566879,0.35385704175513094
36966,,2,0.3279742765273312,0.3987138263665595,0.2733118971061093
99663,,3,0.27310924369747897,0.2184873949579832,0.5084033613445378
93986,,2,0.3279742765273312,0.3987138263665595,0.2733118971061093
105254,,2,0.3279742765273312,0.3987138263665595,0.2733118971061093
129477,,1,0.3786270346779901,0.267515923566879,0.35385704175513094
133861,,3,0.15789473684210525,0.3881578947368421,0.45394736842105265
15933,,3,0.30650319829424305,0.3411513859275053,0.3523454157782516
78054,,3,0.30650319829424305,0.3411513859275053,0.3523454157782516
125085,,3,0.15789473684210525,0.3881578947368421,0.45394736842105265
20268,,3,0.327639751552795,0.281055900621118,0.391304347826087
65512,,1,0.4652777777777778,0.2222222222222222,0.3125
86697,,2,0.3279742765273312,0.3987138263665595,0.2733118971061093
115954,,3,0.327639751552795,0.281055900621118,0.391304347826087
102333,,3,0.30650319829424305,0.3411513859275053,0.3523454157782516
17050,,3,0.327639751552795,0.281055900621118,0.391304347826087
153864,,1,0.4652777777777778,0.2222222222222222,0.3125
135292,,2,0.3279742765273312,0.3987138263665595,0.2733118971061093
64871,,1,0.3786270346779901,0.267515923566879,0.35385704175513094
81904,,1,0.3786270346779901,0.267515923566879,0.35385704175513094
23521,,3,0.27310924369747897,0.2184873949579832,0.5084033613445378
32919,,3,0.30650319829424305,0.3411513859275053,0.3523454157782516
84903,,1,0.3786270346779901,0.267515923566879,0.35385704175513094
70353,,1,0.3786270346779901,0.267515923566879,0.35385704175513094
24481,,1,0.3786270346779901,0.267515923566879,0.35385704175513094
80647,,1,0.4652777777777778,0.2222222222222222,0.3125
135857,,3,0.30650319829424305,0.3411513859275053,0.3523454157782516
155309,,3,0.27310924369747897,0.2184873949579832,0.5084033613445378
131356,,2,0.3279742765273312,0.3987138263665595,0.2733118971061093
132018,,2,0.2857142857142857,0.36278195488721804,0.35150375939849626
