idmatch,result_finish_match,result_finish_match_prediction,proba_0,proba_1
152906,,0,0.5269659096435345,0.4730340903564655
39515,,0,0.5269659096435345,0.4730340903564655
148899,,0,0.6179775280898876,0.38202247191011235
35463,,0,0.5269659096435345,0.4730340903564655
99523,,0,0.5269659096435345,0.4730340903564655
56070,,0,0.6179775280898876,0.38202247191011235
140136,,1,0.47222713603396427,0.5277728639660357
145014,,0,0.5269659096435345,0.4730340903564655
120494,,0,0.5269659096435345,0.4730340903564655
39628,,1,0.43586387434554974,0.5641361256544503
89296,,0,0.5269659096435345,0.4730340903564655
117066,,0,0.5269659096435345,0.4730340903564655
111851,,0,0.6179775280898876,0.38202247191011235
118946,,0,0.5269659096435345,0.4730340903564655
99997,,1,0.4039938556067588,0.5960061443932412
109839,,1,0.47222713603396427,0.5277728639660357
15278,,1,0.46818538884524746,0.5318146111547526
107582,,0,0.5269659096435345,0.4730340903564655
110079,,0,0.5743243243243243,0.42567567567567566
170611,,0,0.5269659096435345,0.4730340903564655
65048,,0,0.5269659096435345,0.4730340903564655
135725,,0,0.5269659096435345,0.4730340903564655
151888,,0,0.580958999305073,0.41904100069492706
80653,,0,0.5269659096435345,0.4730340903564655
64887,,0,0.5269659096435345,0.4730340903564655
138247,,1,0.47222713603396427,0.5277728639660357
27371,,0,0.5269659096435345,0.4730340903564655
61523,,0,0.5269659096435345,0.4730340903564655
106059,,0,0.5743243243243243,0.42567567567567566
43582,,0,0.5269659096435345,0.4730340903564655
174611,,0,0.5269659096435345,0.4730340903564655
103549,,0,0.5269659096435345,0.4730340903564655
173399,,0,0.5269659096435345,0.4730340903564655
84850,,0,0.5743243243243243,0.42567567567567566
174711,,0,0.6179775280898876,0.38202247191011235
122430,,0,0.5022805017103763,0.4977194982896237
103350,,1,0.46818538884524746,0.5318146111547526
59613,,0,0.5269659096435345,0.4730340903564655
151012,,0,0.6179775280898876,0.38202247191011235
68838,,0,0.5269659096435345,0.4730340903564655
37832,,0,0.5269659096435345,0.4730340903564655
103834,,0,0.673728813559322,0.326271186440678
105198,,0,0.5269659096435345,0.4730340903564655
187335,,0,0.580958999305073,0.41904100069492706
93181,,0,0.6179775280898876,0.38202247191011235
101513,,0,0.6179775280898876,0.38202247191011235
149212,,0,0.5743243243243243,0.42567567567567566
22645,,0,0.6179775280898876,0.38202247191011235
47536,,0,0.5269659096435345,0.4730340903564655
125334,,1,0.46818538884524746,0.5318146111547526
80647,,0,0.5269659096435345,0.4730340903564655
178419,,0,0.5269659096435345,0.4730340903564655
134104,,0,0.5269659096435345,0.4730340903564655
15906,,0,0.5269659096435345,0.4730340903564655
159561,,0,0.5269659096435345,0.4730340903564655
24772,,1,0.47222713603396427,0.5277728639660357
130286,,0,0.5743243243243243,0.42567567567567566
136807,,1,0.47222713603396427,0.5277728639660357
111120,,0,0.5743243243243243,0.42567567567567566
29824,,0,0.5743243243243243,0.42567567567567566
15868,,0,0.5269659096435345,0.4730340903564655
131461,,0,0.5269659096435345,0.4730340903564655
61444,,0,0.5269659096435345,0.4730340903564655
85662,,0,0.5269659096435345,0.4730340903564655
122948,,0,0.580958999305073,0.41904100069492706
102721,,0,0.5269659096435345,0.4730340903564655
102531,,0,0.6179775280898876,0.38202247191011235
15932,,0,0.6179775280898876,0.38202247191011235
46226,,0,0.5269659096435345,0.4730340903564655
142229,,0,0.5269659096435345,0.4730340903564655
133243,,1,0.46818538884524746,0.5318146111547526
15262,,1,0.2,0.8
111958,,0,0.5269659096435345,0.4730340903564655
5934,,0,0.580958999305073,0.41904100069492706
37830,,0,0.5269659096435345,0.4730340903564655
178432,,1,0.47222713603396427,0.5277728639660357
98219,,0,0.5269659096435345,0.4730340903564655
28159,,0,0.5269659096435345,0.4730340903564655
127655,,1,0.46818538884524746,0.5318146111547526
137449,,1,0.28125,0.71875
170779,,1,0.46818538884524746,0.5318146111547526
87383,,0,0.6179775280898876,0.38202247191011235
41821,,0,0.5743243243243243,0.42567567567567566
24652,,0,0.5269659096435345,0.4730340903564655
133861,,1,0.46818538884524746,0.5318146111547526
102607,,0,0.580958999305073,0.41904100069492706
158925,,0,0.5269659096435345,0.4730340903564655
106406,,0,0.5022805017103763,0.4977194982896237
43701,,1,0.46818538884524746,0.5318146111547526
85632,,0,0.6179775280898876,0.38202247191011235
99561,,0,0.580958999305073,0.41904100069492706
120339,,0,0.5269659096435345,0.4730340903564655
107972,,0,0.5269659096435345,0.4730340903564655
55863,,1,0.47222713603396427,0.5277728639660357
134596,,1,0.47222713603396427,0.5277728639660357
43391,,0,0.5743243243243243,0.42567567567567566
135836,,1,0.47222713603396427,0.5277728639660357
66734,,0,0.5341421143847487,0.4658578856152513
95555,,0,0.5269659096435345,0.4730340903564655
85442,,1,0.47222713603396427,0.5277728639660357
65387,,0,0.5269659096435345,0.4730340903564655
116059,,0,0.6179775280898876,0.38202247191011235
105985,,0,0.6179775280898876,0.38202247191011235
19429,,0,0.5269659096435345,0.4730340903564655
115195,,0,0.6179775280898876,0.38202247191011235
64880,,0,0.6179775280898876,0.38202247191011235
172117,,1,0.46818538884524746,0.5318146111547526
136412,,0,0.5269659096435345,0.4730340903564655
37967,,0,0.5269659096435345,0.4730340903564655
105227,,0,0.580958999305073,0.41904100069492706
36966,,0,0.5743243243243243,0.42567567567567566
98788,,1,0.46818538884524746,0.5318146111547526
106482,,0,0.5269659096435345,0.4730340903564655
145818,,0,0.5269659096435345,0.4730340903564655
138013,,0,0.5269659096435345,0.4730340903564655
132562,,0,0.5269659096435345,0.4730340903564655
74822,,0,0.5269659096435345,0.4730340903564655
158848,,0,0.5269659096435345,0.4730340903564655
45580,,0,0.5269659096435345,0.4730340903564655
29689,,0,0.6179775280898876,0.38202247191011235
105134,,0,0.5269659096435345,0.4730340903564655
103031,,1,0.46818538884524746,0.5318146111547526
171090,,0,0.5269659096435345,0.4730340903564655
19012,,0,0.5269659096435345,0.4730340903564655
105086,,0,0.6179775280898876,0.38202247191011235
50357,,0,0.580958999305073,0.41904100069492706
91388,,0,0.5269659096435345,0.4730340903564655
151069,,0,0.5269659096435345,0.4730340903564655
85114,,0,0.6179775280898876,0.38202247191011235
37039,,0,0.580958999305073,0.41904100069492706
55190,,0,0.5269659096435345,0.4730340903564655
168300,,0,0.599444958371878,0.4005550416281221
43561,,0,0.580958999305073,0.41904100069492706
48570,,0,0.580958999305073,0.41904100069492706
115177,,0,0.5269659096435345,0.4730340903564655
163777,,0,0.6179775280898876,0.38202247191011235
123688,,0,0.5743243243243243,0.42567567567567566
153601,,0,0.5269659096435345,0.4730340903564655
70192,,0,0.5269659096435345,0.4730340903564655
70269,,0,0.5743243243243243,0.42567567567567566
61615,,0,0.5269659096435345,0.4730340903564655
61068,,0,0.5269659096435345,0.4730340903564655
99362,,0,0.580958999305073,0.41904100069492706
37724,,0,0.5269659096435345,0.4730340903564655
120337,,1,0.47222713603396427,0.5277728639660357
67373,,0,0.5743243243243243,0.42567567567567566
19449,,0,0.6179775280898876,0.38202247191011235
13331,,0,0.5269659096435345,0.4730340903564655
19126,,0,0.5269659096435345,0.4730340903564655
15936,0.0,0,0.6179775280898876,0.38202247191011235
176552,,0,0.6179775280898876,0.38202247191011235
57248,,1,0.46818538884524746,0.5318146111547526
117884,,1,0.2,0.8
108119,,1,0.47222713603396427,0.5277728639660357
101667,,0,0.5743243243243243,0.42567567567567566
66991,,0,0.5269659096435345,0.4730340903564655
15305,,0,0.6179775280898876,0.38202247191011235
86691,,0,0.5743243243243243,0.42567567567567566
136998,,0,0.5743243243243243,0.42567567567567566
145286,,0,0.5269659096435345,0.4730340903564655
64712,,0,0.5269659096435345,0.4730340903564655
169473,,0,0.6179775280898876,0.38202247191011235
35493,,0,0.580958999305073,0.41904100069492706
56731,,1,0.46818538884524746,0.5318146111547526
111205,,0,0.6179775280898876,0.38202247191011235
100566,,0,0.5269659096435345,0.4730340903564655
86465,,0,0.5269659096435345,0.4730340903564655
107896,,1,0.46818538884524746,0.5318146111547526
149252,,0,0.5743243243243243,0.42567567567567566
107572,,0,0.5269659096435345,0.4730340903564655
37753,,0,0.580958999305073,0.41904100069492706
29607,0.0,0,0.580958999305073,0.41904100069492706
142150,,0,0.5269659096435345,0.4730340903564655
27221,,0,0.5269659096435345,0.4730340903564655
95100,,0,0.673728813559322,0.326271186440678
137300,,0,0.5269659096435345,0.4730340903564655
55986,,1,0.46818538884524746,0.5318146111547526
100819,,0,0.5269659096435345,0.4730340903564655
133061,,1,0.4039938556067588,0.5960061443932412
71424,,0,0.6179775280898876,0.38202247191011235
103901,,1,0.47222713603396427,0.5277728639660357
150441,,0,0.6179775280898876,0.38202247191011235
156218,,0,0.5269659096435345,0.4730340903564655
60667,,1,0.47222713603396427,0.5277728639660357
59187,,0,0.5269659096435345,0.4730340903564655
27867,,1,0.47222713603396427,0.5277728639660357
33801,,0,0.5269659096435345,0.4730340903564655
59848,,1,0.47222713603396427,0.5277728639660357
25538,,0,0.6179775280898876,0.38202247191011235
83213,,0,0.5269659096435345,0.4730340903564655
15640,,0,0.5269659096435345,0.4730340903564655
72055,,0,0.5743243243243243,0.42567567567567566
56932,,0,0.5341421143847487,0.4658578856152513
102263,,0,0.5743243243243243,0.42567567567567566
186687,,0,0.5269659096435345,0.4730340903564655
77455,,0,0.5269659096435345,0.4730340903564655
4445,,0,0.5269659096435345,0.4730340903564655
145754,,0,0.5743243243243243,0.42567567567567566
15973,,0,0.580958999305073,0.41904100069492706
131191,,0,0.5269659096435345,0.4730340903564655
61331,,0,0.5269659096435345,0.4730340903564655
185574,,0,0.5269659096435345,0.4730340903564655
138614,,0,0.5269659096435345,0.4730340903564655
116076,,0,0.5269659096435345,0.4730340903564655
29174,,0,0.6179775280898876,0.38202247191011235
2548,0.0,0,0.6179775280898876,0.38202247191011235
64739,,0,0.5269659096435345,0.4730340903564655
57093,,0,0.5743243243243243,0.42567567567567566
154196,,0,0.5269659096435345,0.4730340903564655
70268,,0,0.5269659096435345,0.4730340903564655
108413,,1,0.46818538884524746,0.5318146111547526
17050,,1,0.47222713603396427,0.5277728639660357
99155,,1,0.46818538884524746,0.5318146111547526
145927,,0,0.5269659096435345,0.4730340903564655
138384,,1,0.47222713603396427,0.5277728639660357
102947,,0,0.5269659096435345,0.4730340903564655
71630,,0,0.5269659096435345,0.4730340903564655
102228,,0,0.599444958371878,0.4005550416281221
121044,,0,0.580958999305073,0.41904100069492706
107466,,0,0.5269659096435345,0.4730340903564655
70290,,0,0.5743243243243243,0.42567567567567566
64673,,1,0.43586387434554974,0.5641361256544503
38111,,0,0.5269659096435345,0.4730340903564655
142175,,0,0.5269659096435345,0.4730340903564655
11647,,1,0.43586387434554974,0.5641361256544503
27313,,0,0.6179775280898876,0.38202247191011235
151250,,0,0.599444958371878,0.4005550416281221
100592,,1,0.46818538884524746,0.5318146111547526
148888,,0,0.5269659096435345,0.4730340903564655
2557,,0,0.5743243243243243,0.42567567567567566
72626,,0,0.5743243243243243,0.42567567567567566
107836,,1,0.46818538884524746,0.5318146111547526
140549,,0,0.5269659096435345,0.4730340903564655
97410,,0,0.5022805017103763,0.4977194982896237
152049,,0,0.5311614730878187,0.4688385269121813
20162,,1,0.46818538884524746,0.5318146111547526
148511,,1,0.27586206896551724,0.7241379310344828
105708,,0,0.599444958371878,0.4005550416281221
65033,,0,0.5269659096435345,0.4730340903564655
58884,,0,0.5743243243243243,0.42567567567567566
58721,,1,0.47222713603396427,0.5277728639660357
58865,,0,0.5269659096435345,0.4730340903564655
149274,,0,0.5269659096435345,0.4730340903564655
95929,,0,0.5269659096435345,0.4730340903564655
106019,,0,0.599444958371878,0.4005550416281221
100212,,0,0.5269659096435345,0.4730340903564655
98833,,1,0.43586387434554974,0.5641361256544503
84903,,0,0.5743243243243243,0.42567567567567566
19977,,0,0.5269659096435345,0.4730340903564655
47635,,0,0.5269659096435345,0.4730340903564655
155284,,1,0.4039938556067588,0.5960061443932412
106511,,1,0.47222713603396427,0.5277728639660357
27343,,1,0.47222713603396427,0.5277728639660357
135825,,0,0.6179775280898876,0.38202247191011235
93023,,0,0.6179775280898876,0.38202247191011235
109444,,0,0.5743243243243243,0.42567567567567566
120899,,0,0.5269659096435345,0.4730340903564655
58631,,0,0.580958999305073,0.41904100069492706
65351,,0,0.5269659096435345,0.4730340903564655
123911,,0,0.5269659096435345,0.4730340903564655
99614,,0,0.5269659096435345,0.4730340903564655
58689,,1,0.46818538884524746,0.5318146111547526
48694,,0,0.5269659096435345,0.4730340903564655
37826,,0,0.5269659096435345,0.4730340903564655
24767,,0,0.5311614730878187,0.4688385269121813
19118,,1,0.47222713603396427,0.5277728639660357
150931,,0,0.5269659096435345,0.4730340903564655
111724,,0,0.5269659096435345,0.4730340903564655
142928,,0,0.6179775280898876,0.38202247191011235
45395,,0,0.599444958371878,0.4005550416281221
99516,,0,0.5269659096435345,0.4730340903564655
125108,,0,0.5743243243243243,0.42567567567567566
29287,,0,0.5269659096435345,0.4730340903564655
150550,,0,0.5269659096435345,0.4730340903564655
59302,,0,0.6179775280898876,0.38202247191011235
108647,,0,0.6179775280898876,0.38202247191011235
66551,,0,0.5743243243243243,0.42567567567567566
140017,,0,0.5269659096435345,0.4730340903564655
109435,,0,0.5743243243243243,0.42567567567567566
4348,,0,0.6179775280898876,0.38202247191011235
123763,,0,0.5743243243243243,0.42567567567567566
134874,,1,0.46818538884524746,0.5318146111547526
154271,,0,0.5269659096435345,0.4730340903564655
86118,,0,0.6179775280898876,0.38202247191011235
107489,,1,0.47222713603396427,0.5277728639660357
112335,,0,0.580958999305073,0.41904100069492706
148965,,0,0.599444958371878,0.4005550416281221
5784,,0,0.580958999305073,0.41904100069492706
150283,,1,0.47222713603396427,0.5277728639660357
71826,,0,0.6179775280898876,0.38202247191011235
100748,,1,0.4039938556067588,0.5960061443932412
176696,,0,0.5341421143847487,0.4658578856152513
107715,,1,0.4039938556067588,0.5960061443932412
135906,,0,0.5269659096435345,0.4730340903564655
18118,,1,0.2,0.8
96580,,1,0.47222713603396427,0.5277728639660357
96402,,0,0.580958999305073,0.41904100069492706
33809,,0,0.5269659096435345,0.4730340903564655
64741,,1,0.47222713603396427,0.5277728639660357
102298,,0,0.5743243243243243,0.42567567567567566
56100,,0,0.580958999305073,0.41904100069492706
86139,,0,0.6179775280898876,0.38202247191011235
133873,,0,0.5743243243243243,0.42567567567567566
117411,,1,0.47222713603396427,0.5277728639660357
23109,,0,0.5269659096435345,0.4730340903564655
103264,,1,0.47222713603396427,0.5277728639660357
122951,,0,0.5269659096435345,0.4730340903564655
159669,,0,0.5269659096435345,0.4730340903564655
29193,,0,0.5269659096435345,0.4730340903564655
85304,,1,0.46818538884524746,0.5318146111547526
149513,,0,0.5269659096435345,0.4730340903564655
150655,,1,0.46818538884524746,0.5318146111547526
59842,,0,0.5269659096435345,0.4730340903564655
159373,,0,0.5269659096435345,0.4730340903564655
150454,,0,0.5269659096435345,0.4730340903564655
138609,,0,0.5269659096435345,0.4730340903564655
172660,,0,0.6179775280898876,0.38202247191011235
102460,,1,0.47222713603396427,0.5277728639660357
4264,,0,0.5269659096435345,0.4730340903564655
169739,,0,0.599444958371878,0.4005550416281221
137009,,0,0.6179775280898876,0.38202247191011235
168890,,0,0.6179775280898876,0.38202247191011235
69332,,0,0.5269659096435345,0.4730340903564655
151133,,0,0.580958999305073,0.41904100069492706
150597,,1,0.47222713603396427,0.5277728639660357
136738,,0,0.5269659096435345,0.4730340903564655
100045,,0,0.5269659096435345,0.4730340903564655
97273,,0,0.580958999305073,0.41904100069492706
106664,,0,0.6179775280898876,0.38202247191011235
29670,,0,0.5269659096435345,0.4730340903564655
45028,,0,0.5269659096435345,0.4730340903564655
107129,,0,0.5269659096435345,0.4730340903564655
173590,,0,0.5269659096435345,0.4730340903564655
100029,,0,0.5269659096435345,0.4730340903564655
163967,,0,0.599444958371878,0.4005550416281221
112324,,0,0.580958999305073,0.41904100069492706
15732,,0,0.6179775280898876,0.38202247191011235
58668,,1,0.47222713603396427,0.5277728639660357
15848,,0,0.5269659096435345,0.4730340903564655
96378,,0,0.5269659096435345,0.4730340903564655
86286,,0,0.5269659096435345,0.4730340903564655
103541,,0,0.5269659096435345,0.4730340903564655
137370,,0,0.6179775280898876,0.38202247191011235
58245,,1,0.46818538884524746,0.5318146111547526
150474,,0,0.5269659096435345,0.4730340903564655
100785,,0,0.5311614730878187,0.4688385269121813
171228,,0,0.5269659096435345,0.4730340903564655
103733,,0,0.6179775280898876,0.38202247191011235
60430,,0,0.5269659096435345,0.4730340903564655
97627,,1,0.47222713603396427,0.5277728639660357
97650,,1,0.47222713603396427,0.5277728639660357
86716,,0,0.6179775280898876,0.38202247191011235
170578,,0,0.5269659096435345,0.4730340903564655
121124,,0,0.673728813559322,0.326271186440678
55140,,0,0.5311614730878187,0.4688385269121813
102867,,0,0.5743243243243243,0.42567567567567566
132206,,1,0.47222713603396427,0.5277728639660357
151130,,0,0.5269659096435345,0.4730340903564655
151839,,1,0.46818538884524746,0.5318146111547526
112933,,0,0.5743243243243243,0.42567567567567566
154623,,0,0.5269659096435345,0.4730340903564655
145527,,0,0.5269659096435345,0.4730340903564655
15942,,0,0.5269659096435345,0.4730340903564655
108559,,1,0.47222713603396427,0.5277728639660357
69585,,1,0.46818538884524746,0.5318146111547526
69578,,0,0.5743243243243243,0.42567567567567566
85364,,0,0.5743243243243243,0.42567567567567566
105576,,0,0.5269659096435345,0.4730340903564655
168858,,0,0.5269659096435345,0.4730340903564655
134374,,1,0.47222713603396427,0.5277728639660357
153956,,1,0.47222713603396427,0.5277728639660357
48197,,0,0.5269659096435345,0.4730340903564655
130156,,1,0.46818538884524746,0.5318146111547526
138837,,0,0.5269659096435345,0.4730340903564655
61257,,0,0.5269659096435345,0.4730340903564655
103138,,0,0.5269659096435345,0.4730340903564655
136776,,0,0.5269659096435345,0.4730340903564655
4021,,1,0.47222713603396427,0.5277728639660357
126521,,0,0.5269659096435345,0.4730340903564655
58476,,1,0.47222713603396427,0.5277728639660357
106190,,1,0.47222713603396427,0.5277728639660357
145674,,1,0.47222713603396427,0.5277728639660357
152968,,1,0.46818538884524746,0.5318146111547526
15882,,0,0.5269659096435345,0.4730340903564655
57114,,0,0.580958999305073,0.41904100069492706
66643,,0,0.5269659096435345,0.4730340903564655
151781,,0,0.580958999305073,0.41904100069492706
122194,,0,0.5341421143847487,0.4658578856152513
172331,,0,0.5743243243243243,0.42567567567567566
15682,,0,0.6179775280898876,0.38202247191011235
168879,,0,0.5269659096435345,0.4730340903564655
122763,,0,0.599444958371878,0.4005550416281221
78114,,0,0.5269659096435345,0.4730340903564655
145912,,1,0.47222713603396427,0.5277728639660357
59417,,0,0.5269659096435345,0.4730340903564655
92572,,1,0.46818538884524746,0.5318146111547526
116078,,0,0.5269659096435345,0.4730340903564655
70182,,0,0.5743243243243243,0.42567567567567566
66744,,1,0.47222713603396427,0.5277728639660357
94091,,1,0.47222713603396427,0.5277728639660357
87245,,1,0.46818538884524746,0.5318146111547526
155799,,1,0.46818538884524746,0.5318146111547526
95483,,0,0.5269659096435345,0.4730340903564655
116314,,1,0.47222713603396427,0.5277728639660357
131294,,0,0.580958999305073,0.41904100069492706
107886,,0,0.5269659096435345,0.4730340903564655
20058,,0,0.6179775280898876,0.38202247191011235
153207,,1,0.46818538884524746,0.5318146111547526
132890,,0,0.599444958371878,0.4005550416281221
106455,,1,0.47222713603396427,0.5277728639660357
149045,,0,0.5311614730878187,0.4688385269121813
13214,,0,0.5743243243243243,0.42567567567567566
24912,,0,0.5269659096435345,0.4730340903564655
104892,,0,0.5743243243243243,0.42567567567567566
58797,,0,0.580958999305073,0.41904100069492706
38096,,0,0.5269659096435345,0.4730340903564655
30126,,0,0.580958999305073,0.41904100069492706
71596,,0,0.5743243243243243,0.42567567567567566
135022,,0,0.5269659096435345,0.4730340903564655
124314,,0,0.5269659096435345,0.4730340903564655
67935,,0,0.5269659096435345,0.4730340903564655
100884,,0,0.5269659096435345,0.4730340903564655
142922,,0,0.5743243243243243,0.42567567567567566
47525,,0,0.599444958371878,0.4005550416281221
132295,,0,0.5743243243243243,0.42567567567567566
98886,,0,0.5743243243243243,0.42567567567567566
134571,,0,0.5269659096435345,0.4730340903564655
100679,,0,0.5269659096435345,0.4730340903564655
172450,,0,0.6179775280898876,0.38202247191011235
27832,,0,0.5269659096435345,0.4730340903564655
123289,,0,0.5743243243243243,0.42567567567567566
4030,,1,0.47222713603396427,0.5277728639660357
97373,,1,0.18518518518518517,0.8148148148148148
151495,,0,0.599444958371878,0.4005550416281221
120322,,1,0.47222713603396427,0.5277728639660357
123894,,0,0.599444958371878,0.4005550416281221
21886,,0,0.6179775280898876,0.38202247191011235
129588,,1,0.46818538884524746,0.5318146111547526
20218,,1,0.47222713603396427,0.5277728639660357
3996,,0,0.5341421143847487,0.4658578856152513
156674,,0,0.580958999305073,0.41904100069492706
61291,,0,0.6179775280898876,0.38202247191011235
107453,,0,0.5743243243243243,0.42567567567567566
32525,,0,0.5269659096435345,0.4730340903564655
100908,,0,0.5269659096435345,0.4730340903564655
175336,,0,0.673728813559322,0.326271186440678
171044,,0,0.5269659096435345,0.4730340903564655
67954,,0,0.5269659096435345,0.4730340903564655
71672,,0,0.5269659096435345,0.4730340903564655
114408,,0,0.5269659096435345,0.4730340903564655
111293,,0,0.5269659096435345,0.4730340903564655
126437,,0,0.5269659096435345,0.4730340903564655
20511,,0,0.580958999305073,0.41904100069492706
38045,,0,0.5269659096435345,0.4730340903564655
130456,,0,0.5269659096435345,0.4730340903564655
85136,,0,0.6179775280898876,0.38202247191011235
24861,,0,0.580958999305073,0.41904100069492706
69059,,1,0.47222713603396427,0.5277728639660357
15586,,0,0.5269659096435345,0.4730340903564655
69225,,0,0.5269659096435345,0.4730340903564655
107536,,0,0.5269659096435345,0.4730340903564655
27331,,0,0.5269659096435345,0.4730340903564655
124800,,1,0.47222713603396427,0.5277728639660357
148580,,1,0.47222713603396427,0.5277728639660357
98290,,0,0.580958999305073,0.41904100069492706
102762,,0,0.5269659096435345,0.4730340903564655
171339,,0,0.5269659096435345,0.4730340903564655
59198,,0,0.6179775280898876,0.38202247191011235
111208,,0,0.599444958371878,0.4005550416281221
105964,,0,0.6179775280898876,0.38202247191011235
47643,,0,0.5269659096435345,0.4730340903564655
86080,,0,0.5269659096435345,0.4730340903564655
20176,,1,0.47222713603396427,0.5277728639660357
173296,,1,0.47222713603396427,0.5277728639660357
174997,,0,0.5269659096435345,0.4730340903564655
88827,,0,0.599444958371878,0.4005550416281221
169465,,0,0.5269659096435345,0.4730340903564655
67962,,0,0.5743243243243243,0.42567567567567566
120929,,0,0.5269659096435345,0.4730340903564655
123165,,0,0.5269659096435345,0.4730340903564655
36962,,1,0.47222713603396427,0.5277728639660357
59096,,0,0.6179775280898876,0.38202247191011235
66328,,0,0.5743243243243243,0.42567567567567566
70514,,1,0.47222713603396427,0.5277728639660357
140178,,0,0.5269659096435345,0.4730340903564655
46629,,0,0.5269659096435345,0.4730340903564655
48572,,0,0.5269659096435345,0.4730340903564655
4533,,1,0.47222713603396427,0.5277728639660357
115475,,0,0.6179775280898876,0.38202247191011235
45731,,0,0.5269659096435345,0.4730340903564655
18989,,0,0.5269659096435345,0.4730340903564655
101721,,0,0.5269659096435345,0.4730340903564655
136815,,0,0.6179775280898876,0.38202247191011235
106886,,0,0.5743243243243243,0.42567567567567566
48406,,1,0.47222713603396427,0.5277728639660357
60223,,0,0.5269659096435345,0.4730340903564655
70860,,0,0.5269659096435345,0.4730340903564655
186963,,0,0.5269659096435345,0.4730340903564655
78170,,0,0.5269659096435345,0.4730340903564655
94620,,1,0.37262569832402237,0.6273743016759776
22485,,0,0.5269659096435345,0.4730340903564655
15689,0.0,0,0.5269659096435345,0.4730340903564655
55443,,0,0.5269659096435345,0.4730340903564655
57283,,0,0.5743243243243243,0.42567567567567566
70348,,0,0.5743243243243243,0.42567567567567566
151081,,0,0.5269659096435345,0.4730340903564655
87327,,0,0.5269659096435345,0.4730340903564655
97395,,0,0.6179775280898876,0.38202247191011235
107889,,0,0.5269659096435345,0.4730340903564655
104085,,0,0.5269659096435345,0.4730340903564655
95395,,0,0.5269659096435345,0.4730340903564655
131464,,1,0.47222713603396427,0.5277728639660357
71593,,0,0.6179775280898876,0.38202247191011235
32597,,0,0.6179775280898876,0.38202247191011235
56700,,0,0.5269659096435345,0.4730340903564655
135311,,0,0.5269659096435345,0.4730340903564655
35355,,0,0.5269659096435345,0.4730340903564655
61129,,0,0.5743243243243243,0.42567567567567566
66572,,0,0.5269659096435345,0.4730340903564655
138097,,0,0.6179775280898876,0.38202247191011235
58699,,1,0.47222713603396427,0.5277728639660357
1584,,0,0.5269659096435345,0.4730340903564655
46734,,0,0.599444958371878,0.4005550416281221
38494,,0,0.5269659096435345,0.4730340903564655
18954,,0,0.5341421143847487,0.4658578856152513
3013,,0,0.5269659096435345,0.4730340903564655
148849,,0,0.5269659096435345,0.4730340903564655
177358,,1,0.47222713603396427,0.5277728639660357
138629,,0,0.5269659096435345,0.4730340903564655
126156,,0,0.5269659096435345,0.4730340903564655
150091,,0,0.6179775280898876,0.38202247191011235
154769,,0,0.6179775280898876,0.38202247191011235
59436,,0,0.5269659096435345,0.4730340903564655
86018,,0,0.6179775280898876,0.38202247191011235
28666,,0,0.5341421143847487,0.4658578856152513
95394,,0,0.5269659096435345,0.4730340903564655
145638,,0,0.5269659096435345,0.4730340903564655
175272,,0,0.5269659096435345,0.4730340903564655
34241,,0,0.5269659096435345,0.4730340903564655
137893,,0,0.5269659096435345,0.4730340903564655
110221,,0,0.5269659096435345,0.4730340903564655
101268,,0,0.5269659096435345,0.4730340903564655
145851,,0,0.6179775280898876,0.38202247191011235
103990,,0,0.5269659096435345,0.4730340903564655
129366,,0,0.5269659096435345,0.4730340903564655
62078,,0,0.5341421143847487,0.4658578856152513
117011,,0,0.6179775280898876,0.38202247191011235
134670,,0,0.5269659096435345,0.4730340903564655
133607,,0,0.5269659096435345,0.4730340903564655
60331,,0,0.5743243243243243,0.42567567567567566
64811,,0,0.5269659096435345,0.4730340903564655
105526,,0,0.5269659096435345,0.4730340903564655
127803,,0,0.599444958371878,0.4005550416281221
108658,,0,0.5269659096435345,0.4730340903564655
98354,,0,0.5341421143847487,0.4658578856152513
90440,,0,0.5743243243243243,0.42567567567567566
85676,,0,0.5269659096435345,0.4730340903564655
121038,,0,0.580958999305073,0.41904100069492706
88589,,0,0.5022805017103763,0.4977194982896237
75834,,0,0.5743243243243243,0.42567567567567566
13848,,1,0.46818538884524746,0.5318146111547526
88115,,0,0.5269659096435345,0.4730340903564655
103968,,0,0.5269659096435345,0.4730340903564655
58817,,0,0.5269659096435345,0.4730340903564655
133182,,1,0.47222713603396427,0.5277728639660357
61575,,0,0.5743243243243243,0.42567567567567566
134371,,0,0.6179775280898876,0.38202247191011235
104169,,0,0.5269659096435345,0.4730340903564655
110749,,0,0.5269659096435345,0.4730340903564655
55849,,1,0.47222713603396427,0.5277728639660357
97646,,0,0.580958999305073,0.41904100069492706
95482,,0,0.580958999305073,0.41904100069492706
151043,,0,0.5743243243243243,0.42567567567567566
130457,,0,0.6179775280898876,0.38202247191011235
123741,,0,0.6179775280898876,0.38202247191011235
20268,,1,0.46818538884524746,0.5318146111547526
97634,,0,0.580958999305073,0.41904100069492706
58793,,1,0.47222713603396427,0.5277728639660357
86690,,0,0.6179775280898876,0.38202247191011235
119039,,0,0.5269659096435345,0.4730340903564655
70825,,0,0.5743243243243243,0.42567567567567566
106020,,1,0.47222713603396427,0.5277728639660357
129478,,0,0.580958999305073,0.41904100069492706
100271,,0,0.5269659096435345,0.4730340903564655
169466,,0,0.580958999305073,0.41904100069492706
98364,,0,0.6179775280898876,0.38202247191011235
151785,,0,0.5269659096435345,0.4730340903564655
63709,,0,0.5269659096435345,0.4730340903564655
45674,,0,0.5269659096435345,0.4730340903564655
4298,,0,0.5743243243243243,0.42567567567567566
98161,,1,0.43586387434554974,0.5641361256544503
67863,,0,0.5269659096435345,0.4730340903564655
123744,,0,0.5269659096435345,0.4730340903564655
142903,,0,0.5269659096435345,0.4730340903564655
111422,,0,0.6179775280898876,0.38202247191011235
93015,,0,0.5269659096435345,0.4730340903564655
134177,,0,0.5743243243243243,0.42567567567567566
107178,,0,0.5743243243243243,0.42567567567567566
71793,,0,0.580958999305073,0.41904100069492706
176643,,0,0.5269659096435345,0.4730340903564655
146047,,0,0.5743243243243243,0.42567567567567566
159559,,0,0.5269659096435345,0.4730340903564655
124230,,1,0.43586387434554974,0.5641361256544503
126438,,0,0.5269659096435345,0.4730340903564655
93887,,0,0.5269659096435345,0.4730340903564655
151026,,0,0.580958999305073,0.41904100069492706
111963,,0,0.5743243243243243,0.42567567567567566
61543,,1,0.47222713603396427,0.5277728639660357
123299,,0,0.5743243243243243,0.42567567567567566
90433,,0,0.5269659096435345,0.4730340903564655
58186,,0,0.5269659096435345,0.4730340903564655
95822,,0,0.5269659096435345,0.4730340903564655
153320,,1,0.47222713603396427,0.5277728639660357
154204,,0,0.5269659096435345,0.4730340903564655
84817,,0,0.5269659096435345,0.4730340903564655
123626,,0,0.5311614730878187,0.4688385269121813
48330,,0,0.673728813559322,0.326271186440678
153600,,1,0.3380281690140845,0.6619718309859155
171054,,0,0.6179775280898876,0.38202247191011235
27285,,0,0.5269659096435345,0.4730340903564655
138214,,0,0.5269659096435345,0.4730340903564655
71433,,0,0.6179775280898876,0.38202247191011235
27320,,0,0.5269659096435345,0.4730340903564655
107835,,0,0.5269659096435345,0.4730340903564655
106599,,0,0.5743243243243243,0.42567567567567566
86254,,0,0.5269659096435345,0.4730340903564655
55538,,1,0.46818538884524746,0.5318146111547526
46345,,0,0.5269659096435345,0.4730340903564655
136008,,0,0.580958999305073,0.41904100069492706
127167,,0,0.5743243243243243,0.42567567567567566
19131,,1,0.46818538884524746,0.5318146111547526
48435,,0,0.5269659096435345,0.4730340903564655
174937,,1,0.47222713603396427,0.5277728639660357
45469,,0,0.5269659096435345,0.4730340903564655
137662,,0,0.5269659096435345,0.4730340903564655
152475,,0,0.5743243243243243,0.42567567567567566
1560,,0,0.5311614730878187,0.4688385269121813
129696,,1,0.46818538884524746,0.5318146111547526
94836,,0,0.5341421143847487,0.4658578856152513
129488,,0,0.599444958371878,0.4005550416281221
96862,,0,0.5269659096435345,0.4730340903564655
61020,,0,0.580958999305073,0.41904100069492706
41611,,0,0.5269659096435345,0.4730340903564655
25333,,0,0.6179775280898876,0.38202247191011235
86015,,0,0.5269659096435345,0.4730340903564655
127369,,0,0.5311614730878187,0.4688385269121813
19441,,1,0.4039938556067588,0.5960061443932412
59008,,0,0.5269659096435345,0.4730340903564655
172089,,0,0.5269659096435345,0.4730340903564655
23039,,0,0.5269659096435345,0.4730340903564655
29954,,0,0.5269659096435345,0.4730340903564655
37981,,0,0.5269659096435345,0.4730340903564655
84761,,1,0.46818538884524746,0.5318146111547526
20492,,0,0.5269659096435345,0.4730340903564655
151697,,0,0.5269659096435345,0.4730340903564655
98112,,0,0.5269659096435345,0.4730340903564655
151379,,0,0.5269659096435345,0.4730340903564655
168288,,0,0.599444958371878,0.4005550416281221
38194,,0,0.6179775280898876,0.38202247191011235
4585,,0,0.5269659096435345,0.4730340903564655
106741,,0,0.6179775280898876,0.38202247191011235
2043,,0,0.5269659096435345,0.4730340903564655
57279,,0,0.5743243243243243,0.42567567567567566
120311,,0,0.580958999305073,0.41904100069492706
33807,,0,0.5269659096435345,0.4730340903564655
134253,,0,0.5743243243243243,0.42567567567567566
150092,,1,0.47222713603396427,0.5277728639660357
146013,,0,0.5269659096435345,0.4730340903564655
106183,,0,0.5269659096435345,0.4730340903564655
122881,,0,0.5743243243243243,0.42567567567567566
99763,,0,0.5269659096435345,0.4730340903564655
68977,,0,0.5269659096435345,0.4730340903564655
149064,,0,0.6179775280898876,0.38202247191011235
120500,,0,0.599444958371878,0.4005550416281221
60227,,0,0.5743243243243243,0.42567567567567566
187857,,0,0.5269659096435345,0.4730340903564655
100219,,0,0.580958999305073,0.41904100069492706
69237,,0,0.5269659096435345,0.4730340903564655
27710,,0,0.5269659096435345,0.4730340903564655
102917,,0,0.6179775280898876,0.38202247191011235
123929,,0,0.5743243243243243,0.42567567567567566
69132,,0,0.5269659096435345,0.4730340903564655
96863,,0,0.580958999305073,0.41904100069492706
28941,,0,0.6179775280898876,0.38202247191011235
55233,,0,0.5269659096435345,0.4730340903564655
57890,,0,0.580958999305073,0.41904100069492706
107472,,1,0.46818538884524746,0.5318146111547526
23514,,0,0.6179775280898876,0.38202247191011235
150939,,0,0.5269659096435345,0.4730340903564655
134274,,0,0.5269659096435345,0.4730340903564655
112270,,0,0.5743243243243243,0.42567567567567566
138347,,0,0.5269659096435345,0.4730340903564655
158399,,1,0.4039938556067588,0.5960061443932412
116205,,0,0.5269659096435345,0.4730340903564655
151807,,0,0.5269659096435345,0.4730340903564655
43574,,0,0.5269659096435345,0.4730340903564655
4478,,0,0.5269659096435345,0.4730340903564655
35947,,0,0.599444958371878,0.4005550416281221
98905,,0,0.5743243243243243,0.42567567567567566
55198,,0,0.6179775280898876,0.38202247191011235
15718,,0,0.580958999305073,0.41904100069492706
106671,,0,0.5269659096435345,0.4730340903564655
96822,,0,0.6179775280898876,0.38202247191011235
13200,,0,0.6179775280898876,0.38202247191011235
150464,,0,0.5269659096435345,0.4730340903564655
22630,,0,0.5743243243243243,0.42567567567567566
167990,,0,0.6179775280898876,0.38202247191011235
123532,,1,0.47222713603396427,0.5277728639660357
27768,,1,0.47222713603396427,0.5277728639660357
108590,,0,0.6179775280898876,0.38202247191011235
135066,,1,0.46818538884524746,0.5318146111547526
99736,,0,0.5269659096435345,0.4730340903564655
75447,,0,0.5269659096435345,0.4730340903564655
145787,,0,0.5269659096435345,0.4730340903564655
122808,,0,0.673728813559322,0.326271186440678
113022,,0,0.580958999305073,0.41904100069492706
132296,,0,0.5269659096435345,0.4730340903564655
25014,,0,0.5743243243243243,0.42567567567567566
125002,,1,0.46818538884524746,0.5318146111547526
55353,,0,0.580958999305073,0.41904100069492706
58787,,1,0.46818538884524746,0.5318146111547526
97667,,0,0.580958999305073,0.41904100069492706
102049,,0,0.5269659096435345,0.4730340903564655
129280,,0,0.5269659096435345,0.4730340903564655
4266,,0,0.5269659096435345,0.4730340903564655
145778,,0,0.5269659096435345,0.4730340903564655
58397,,0,0.580958999305073,0.41904100069492706
58527,,1,0.47222713603396427,0.5277728639660357
56801,,0,0.6179775280898876,0.38202247191011235
55902,,0,0.6179775280898876,0.38202247191011235
59023,,0,0.5269659096435345,0.4730340903564655
46872,,0,0.580958999305073,0.41904100069492706
85390,,0,0.5269659096435345,0.4730340903564655
47047,,0,0.5743243243243243,0.42567567567567566
105228,,0,0.5743243243243243,0.42567567567567566
122463,,0,0.5269659096435345,0.4730340903564655
38044,,0,0.6179775280898876,0.38202247191011235
106502,,1,0.47222713603396427,0.5277728639660357
64656,,0,0.580958999305073,0.41904100069492706
60264,,0,0.6179775280898876,0.38202247191011235
107526,,0,0.5269659096435345,0.4730340903564655
108857,,0,0.580958999305073,0.41904100069492706
85985,,0,0.6179775280898876,0.38202247191011235
169176,,1,0.46818538884524746,0.5318146111547526
102923,,0,0.5269659096435345,0.4730340903564655
64710,,0,0.6179775280898876,0.38202247191011235
20198,,1,0.46818538884524746,0.5318146111547526
138155,,1,0.47222713603396427,0.5277728639660357
136018,,0,0.5743243243243243,0.42567567567567566
94798,,0,0.6179775280898876,0.38202247191011235
106215,,0,0.5269659096435345,0.4730340903564655
57530,,0,0.5743243243243243,0.42567567567567566
98535,,0,0.5743243243243243,0.42567567567567566
4780,,0,0.5269659096435345,0.4730340903564655
171497,,0,0.6179775280898876,0.38202247191011235
45695,,0,0.5743243243243243,0.42567567567567566
98056,,0,0.5743243243243243,0.42567567567567566
138580,,0,0.6179775280898876,0.38202247191011235
108397,,1,0.47222713603396427,0.5277728639660357
102772,,0,0.599444958371878,0.4005550416281221
107131,,0,0.5269659096435345,0.4730340903564655
129289,,0,0.5269659096435345,0.4730340903564655
100898,,0,0.5743243243243243,0.42567567567567566
106622,,0,0.6179775280898876,0.38202247191011235
91844,,0,0.5269659096435345,0.4730340903564655
98155,,0,0.580958999305073,0.41904100069492706
14081,,0,0.6179775280898876,0.38202247191011235
124994,,1,0.46818538884524746,0.5318146111547526
37734,,0,0.580958999305073,0.41904100069492706
134252,,0,0.5269659096435345,0.4730340903564655
101741,,0,0.5743243243243243,0.42567567567567566
111494,,1,0.47222713603396427,0.5277728639660357
187203,,0,0.6179775280898876,0.38202247191011235
151435,,0,0.5269659096435345,0.4730340903564655
97158,,1,0.46818538884524746,0.5318146111547526
121350,,0,0.6179775280898876,0.38202247191011235
108414,,0,0.5341421143847487,0.4658578856152513
25097,,0,0.5743243243243243,0.42567567567567566
107998,,1,0.47222713603396427,0.5277728639660357
65334,,0,0.5269659096435345,0.4730340903564655
163971,,0,0.580958999305073,0.41904100069492706
133879,,0,0.5269659096435345,0.4730340903564655
103971,,1,0.46818538884524746,0.5318146111547526
136767,,0,0.6179775280898876,0.38202247191011235
117003,,0,0.5269659096435345,0.4730340903564655
120336,,0,0.5269659096435345,0.4730340903564655
53011,,0,0.5269659096435345,0.4730340903564655
19103,,0,0.5269659096435345,0.4730340903564655
103448,,1,0.46818538884524746,0.5318146111547526
13204,,0,0.5743243243243243,0.42567567567567566
170223,,0,0.5269659096435345,0.4730340903564655
49521,,0,0.5269659096435345,0.4730340903564655
23681,,0,0.580958999305073,0.41904100069492706
59495,,0,0.5269659096435345,0.4730340903564655
90239,,0,0.5269659096435345,0.4730340903564655
103182,,0,0.5269659096435345,0.4730340903564655
127388,,0,0.5743243243243243,0.42567567567567566
105607,,0,0.5269659096435345,0.4730340903564655
105129,,0,0.5269659096435345,0.4730340903564655
34244,,0,0.5341421143847487,0.4658578856152513
179336,,0,0.5269659096435345,0.4730340903564655
79888,,1,0.47222713603396427,0.5277728639660357
106726,,0,0.5743243243243243,0.42567567567567566
35304,,0,0.5269659096435345,0.4730340903564655
20522,,1,0.46818538884524746,0.5318146111547526
88359,,0,0.5022805017103763,0.4977194982896237
106347,,0,0.5269659096435345,0.4730340903564655
109794,,0,0.5269659096435345,0.4730340903564655
140002,,1,0.47222713603396427,0.5277728639660357
136179,,0,0.6179775280898876,0.38202247191011235
71690,,0,0.5269659096435345,0.4730340903564655
100968,,1,0.46818538884524746,0.5318146111547526
106407,,1,0.47222713603396427,0.5277728639660357
88637,,0,0.599444958371878,0.4005550416281221
71761,,0,0.5743243243243243,0.42567567567567566
124621,,0,0.599444958371878,0.4005550416281221
158394,,0,0.5269659096435345,0.4730340903564655
116947,,0,0.5743243243243243,0.42567567567567566
187353,,0,0.5269659096435345,0.4730340903564655
106288,,0,0.5269659096435345,0.4730340903564655
4455,,0,0.6179775280898876,0.38202247191011235
151277,,0,0.5269659096435345,0.4730340903564655
94560,,0,0.6179775280898876,0.38202247191011235
106518,,0,0.5269659096435345,0.4730340903564655
100657,,0,0.5269659096435345,0.4730340903564655
56087,,0,0.5269659096435345,0.4730340903564655
38061,,0,0.5269659096435345,0.4730340903564655
99092,,0,0.5269659096435345,0.4730340903564655
11778,,1,0.43586387434554974,0.5641361256544503
106450,,0,0.5269659096435345,0.4730340903564655
72561,,0,0.5743243243243243,0.42567567567567566
125565,,0,0.5743243243243243,0.42567567567567566
106305,,0,0.6179775280898876,0.38202247191011235
135867,,1,0.47222713603396427,0.5277728639660357
110059,,0,0.5743243243243243,0.42567567567567566
65080,,0,0.5269659096435345,0.4730340903564655
85602,,0,0.5269659096435345,0.4730340903564655
65177,,0,0.6179775280898876,0.38202247191011235
145203,,0,0.5269659096435345,0.4730340903564655
153567,,0,0.5269659096435345,0.4730340903564655
101514,,0,0.5269659096435345,0.4730340903564655
138296,,0,0.5269659096435345,0.4730340903564655
88613,,0,0.5269659096435345,0.4730340903564655
72621,,0,0.599444958371878,0.4005550416281221
143521,,0,0.5269659096435345,0.4730340903564655
127239,,0,0.6179775280898876,0.38202247191011235
17052,,1,0.46818538884524746,0.5318146111547526
134533,,0,0.5269659096435345,0.4730340903564655
56568,,1,0.47222713603396427,0.5277728639660357
45553,,1,0.46818538884524746,0.5318146111547526
56062,,0,0.5269659096435345,0.4730340903564655
15606,,0,0.5269659096435345,0.4730340903564655
103711,,0,0.5269659096435345,0.4730340903564655
36925,,0,0.580958999305073,0.41904100069492706
67085,,0,0.5269659096435345,0.4730340903564655
66770,,0,0.5022805017103763,0.4977194982896237
168957,,0,0.5269659096435345,0.4730340903564655
138544,,0,0.5269659096435345,0.4730340903564655
185712,,0,0.5269659096435345,0.4730340903564655
148951,,0,0.5269659096435345,0.4730340903564655
97321,,0,0.5269659096435345,0.4730340903564655
70124,,0,0.673728813559322,0.326271186440678
55208,,1,0.47222713603396427,0.5277728639660357
99262,,0,0.5743243243243243,0.42567567567567566
99828,,0,0.580958999305073,0.41904100069492706
167283,,0,0.5269659096435345,0.4730340903564655
99426,,0,0.6179775280898876,0.38202247191011235
97647,,0,0.5743243243243243,0.42567567567567566
21790,,0,0.5743243243243243,0.42567567567567566
124054,,0,0.5269659096435345,0.4730340903564655
66212,,0,0.5269659096435345,0.4730340903564655
104642,,1,0.47222713603396427,0.5277728639660357
28708,,0,0.5269659096435345,0.4730340903564655
108742,,0,0.5269659096435345,0.4730340903564655
57849,,0,0.580958999305073,0.41904100069492706
106897,,0,0.5269659096435345,0.4730340903564655
70331,,0,0.6179775280898876,0.38202247191011235
187357,,0,0.5269659096435345,0.4730340903564655
101457,,0,0.5269659096435345,0.4730340903564655
41607,,0,0.5743243243243243,0.42567567567567566
130312,,0,0.5269659096435345,0.4730340903564655
79130,,1,0.47222713603396427,0.5277728639660357
97385,,0,0.6179775280898876,0.38202247191011235
148817,,0,0.6179775280898876,0.38202247191011235
97382,,0,0.6179775280898876,0.38202247191011235
24537,,0,0.5269659096435345,0.4730340903564655
102540,,0,0.5022805017103763,0.4977194982896237
13208,,0,0.5269659096435345,0.4730340903564655
113043,,0,0.5269659096435345,0.4730340903564655
105540,,0,0.580958999305073,0.41904100069492706
151477,,0,0.5269659096435345,0.4730340903564655
100584,,0,0.5743243243243243,0.42567567567567566
101913,,0,0.5341421143847487,0.4658578856152513
103445,,1,0.47222713603396427,0.5277728639660357
64928,,0,0.5743243243243243,0.42567567567567566
137335,,0,0.580958999305073,0.41904100069492706
134289,,0,0.5269659096435345,0.4730340903564655
134242,,0,0.599444958371878,0.4005550416281221
101524,,0,0.5269659096435345,0.4730340903564655
106666,,0,0.6179775280898876,0.38202247191011235
37683,,0,0.580958999305073,0.41904100069492706
135131,,1,0.47222713603396427,0.5277728639660357
106596,,0,0.5743243243243243,0.42567567567567566
59015,,0,0.599444958371878,0.4005550416281221
109925,,0,0.6179775280898876,0.38202247191011235
157939,,1,0.47222713603396427,0.5277728639660357
1478,,0,0.5743243243243243,0.42567567567567566
57456,,0,0.5269659096435345,0.4730340903564655
15933,,0,0.5269659096435345,0.4730340903564655
96405,,0,0.5269659096435345,0.4730340903564655
60055,,0,0.5743243243243243,0.42567567567567566
20048,,0,0.5269659096435345,0.4730340903564655
185580,,0,0.5269659096435345,0.4730340903564655
90929,,0,0.5743243243243243,0.42567567567567566
111217,,0,0.5269659096435345,0.4730340903564655
99719,,0,0.5743243243243243,0.42567567567567566
72053,,0,0.5269659096435345,0.4730340903564655
2037,,0,0.580958999305073,0.41904100069492706
97998,,0,0.5269659096435345,0.4730340903564655
105255,,0,0.5743243243243243,0.42567567567567566
151451,,0,0.580958999305073,0.41904100069492706
126939,,0,0.5269659096435345,0.4730340903564655
134690,,0,0.5269659096435345,0.4730340903564655
124795,,0,0.5269659096435345,0.4730340903564655
106466,,0,0.5269659096435345,0.4730340903564655
138596,,0,0.5311614730878187,0.4688385269121813
59098,,0,0.5269659096435345,0.4730340903564655
151847,,0,0.5269659096435345,0.4730340903564655
98227,,0,0.5269659096435345,0.4730340903564655
71493,,0,0.5743243243243243,0.42567567567567566
109192,,0,0.5269659096435345,0.4730340903564655
130543,,0,0.5269659096435345,0.4730340903564655
159366,,0,0.6179775280898876,0.38202247191011235
108375,,0,0.5269659096435345,0.4730340903564655
116338,,0,0.5269659096435345,0.4730340903564655
101972,,0,0.5269659096435345,0.4730340903564655
66609,,0,0.5269659096435345,0.4730340903564655
150661,,0,0.5022805017103763,0.4977194982896237
155801,,1,0.47222713603396427,0.5277728639660357
100528,,0,0.5341421143847487,0.4658578856152513
27954,,0,0.5743243243243243,0.42567567567567566
66733,,0,0.6179775280898876,0.38202247191011235
67749,,0,0.5269659096435345,0.4730340903564655
103550,,0,0.6179775280898876,0.38202247191011235
57809,,1,0.46818538884524746,0.5318146111547526
59177,,1,0.47222713603396427,0.5277728639660357
46136,,0,0.5269659096435345,0.4730340903564655
100097,,0,0.5269659096435345,0.4730340903564655
56491,,0,0.5269659096435345,0.4730340903564655
47520,,0,0.580958999305073,0.41904100069492706
132431,,1,0.47222713603396427,0.5277728639660357
96230,,0,0.5269659096435345,0.4730340903564655
71733,,1,0.47222713603396427,0.5277728639660357
129287,,0,0.5743243243243243,0.42567567567567566
108849,,0,0.5269659096435345,0.4730340903564655
20154,,1,0.4039938556067588,0.5960061443932412
105910,,0,0.5743243243243243,0.42567567567567566
106409,,0,0.5269659096435345,0.4730340903564655
140016,,0,0.5269659096435345,0.4730340903564655
64922,,0,0.5743243243243243,0.42567567567567566
20394,,0,0.580958999305073,0.41904100069492706
117121,,0,0.5269659096435345,0.4730340903564655
90066,,0,0.5269659096435345,0.4730340903564655
15786,,0,0.5269659096435345,0.4730340903564655
101143,,0,0.5269659096435345,0.4730340903564655
130273,,0,0.5269659096435345,0.4730340903564655
150918,,0,0.599444958371878,0.4005550416281221
15917,,0,0.5269659096435345,0.4730340903564655
101620,,0,0.580958999305073,0.41904100069492706
135968,,0,0.5269659096435345,0.4730340903564655
48571,,1,0.47222713603396427,0.5277728639660357
174926,,0,0.673728813559322,0.326271186440678
111645,,0,0.673728813559322,0.326271186440678
109841,,0,0.5269659096435345,0.4730340903564655
102763,,0,0.5269659096435345,0.4730340903564655
90295,,0,0.6179775280898876,0.38202247191011235
85770,,0,0.6179775280898876,0.38202247191011235
134462,,1,0.47222713603396427,0.5277728639660357
121221,,0,0.580958999305073,0.41904100069492706
52979,,0,0.5269659096435345,0.4730340903564655
115916,,1,0.47222713603396427,0.5277728639660357
29154,,0,0.5269659096435345,0.4730340903564655
91074,,0,0.5269659096435345,0.4730340903564655
149697,,0,0.5269659096435345,0.4730340903564655
64661,,0,0.5743243243243243,0.42567567567567566
107912,,0,0.5269659096435345,0.4730340903564655
111278,,0,0.5269659096435345,0.4730340903564655
57625,,0,0.5269659096435345,0.4730340903564655
151209,,0,0.580958999305073,0.41904100069492706
96145,,1,0.47222713603396427,0.5277728639660357
111916,,0,0.6179775280898876,0.38202247191011235
153078,,0,0.5269659096435345,0.4730340903564655
64680,,0,0.5743243243243243,0.42567567567567566
106501,,1,0.47222713603396427,0.5277728639660357
81984,,0,0.580958999305073,0.41904100069492706
23512,,0,0.6179775280898876,0.38202247191011235
25334,,0,0.5743243243243243,0.42567567567567566
95754,,0,0.5743243243243243,0.42567567567567566
155217,,0,0.5269659096435345,0.4730340903564655
135329,,0,0.5269659096435345,0.4730340903564655
145809,,0,0.599444958371878,0.4005550416281221
29263,,0,0.5269659096435345,0.4730340903564655
151458,,0,0.5269659096435345,0.4730340903564655
174923,,0,0.5269659096435345,0.4730340903564655
46164,,0,0.5269659096435345,0.4730340903564655
116575,,1,0.46818538884524746,0.5318146111547526
149487,,0,0.5269659096435345,0.4730340903564655
102530,,0,0.5743243243243243,0.42567567567567566
130775,,0,0.5269659096435345,0.4730340903564655
154351,,1,0.46818538884524746,0.5318146111547526
56553,,0,0.5269659096435345,0.4730340903564655
15651,,0,0.5269659096435345,0.4730340903564655
58508,,1,0.47222713603396427,0.5277728639660357
45570,,0,0.5269659096435345,0.4730340903564655
2569,,0,0.5743243243243243,0.42567567567567566
159710,,0,0.6179775280898876,0.38202247191011235
108141,,1,0.46818538884524746,0.5318146111547526
136421,,0,0.5269659096435345,0.4730340903564655
109102,,0,0.5269659096435345,0.4730340903564655
151649,,0,0.5743243243243243,0.42567567567567566
59069,,0,0.5269659096435345,0.4730340903564655
129354,,0,0.580958999305073,0.41904100069492706
106516,,1,0.47222713603396427,0.5277728639660357
167980,,0,0.5743243243243243,0.42567567567567566
29139,,0,0.599444958371878,0.4005550416281221
149621,,0,0.6179775280898876,0.38202247191011235
61267,,0,0.5269659096435345,0.4730340903564655
62107,,0,0.5269659096435345,0.4730340903564655
60527,,0,0.5269659096435345,0.4730340903564655
171074,,0,0.6179775280898876,0.38202247191011235
126155,,0,0.5022805017103763,0.4977194982896237
107891,,0,0.5269659096435345,0.4730340903564655
64717,,0,0.5269659096435345,0.4730340903564655
101076,,0,0.5269659096435345,0.4730340903564655
64098,,0,0.599444958371878,0.4005550416281221
132975,,0,0.599444958371878,0.4005550416281221
111740,,0,0.6179775280898876,0.38202247191011235
99420,,0,0.5269659096435345,0.4730340903564655
88107,,0,0.5269659096435345,0.4730340903564655
135118,,1,0.47222713603396427,0.5277728639660357
171106,,0,0.5743243243243243,0.42567567567567566
22549,,0,0.5743243243243243,0.42567567567567566
187181,,0,0.580958999305073,0.41904100069492706
103705,,0,0.5269659096435345,0.4730340903564655
110095,,0,0.5269659096435345,0.4730340903564655
109137,,0,0.5269659096435345,0.4730340903564655
102040,,0,0.5269659096435345,0.4730340903564655
104087,,1,0.46818538884524746,0.5318146111547526
57618,,1,0.47222713603396427,0.5277728639660357
94740,,0,0.5743243243243243,0.42567567567567566
88119,,0,0.599444958371878,0.4005550416281221
22536,,0,0.5743243243243243,0.42567567567567566
142112,,0,0.5743243243243243,0.42567567567567566
75430,,0,0.5269659096435345,0.4730340903564655
90168,,0,0.599444958371878,0.4005550416281221
46993,,0,0.5269659096435345,0.4730340903564655
125822,,0,0.5269659096435345,0.4730340903564655
98110,,0,0.5311614730878187,0.4688385269121813
59933,,0,0.5269659096435345,0.4730340903564655
187416,,0,0.5269659096435345,0.4730340903564655
66589,,0,0.5269659096435345,0.4730340903564655
135997,,0,0.5269659096435345,0.4730340903564655
51317,,0,0.5743243243243243,0.42567567567567566
88066,,0,0.5269659096435345,0.4730340903564655
56483,,0,0.5269659096435345,0.4730340903564655
56428,,0,0.5269659096435345,0.4730340903564655
47539,,0,0.5269659096435345,0.4730340903564655
110426,,0,0.5743243243243243,0.42567567567567566
126953,,1,0.43586387434554974,0.5641361256544503
151154,,0,0.5269659096435345,0.4730340903564655
64849,,0,0.5743243243243243,0.42567567567567566
43583,,0,0.5269659096435345,0.4730340903564655
127112,,0,0.580958999305073,0.41904100069492706
116416,,0,0.6179775280898876,0.38202247191011235
130460,,0,0.6179775280898876,0.38202247191011235
127042,,0,0.5269659096435345,0.4730340903564655
106612,,0,0.6179775280898876,0.38202247191011235
97470,,0,0.673728813559322,0.326271186440678
71503,,0,0.580958999305073,0.41904100069492706
107353,,1,0.47222713603396427,0.5277728639660357
108976,,0,0.5269659096435345,0.4730340903564655
30179,,0,0.6179775280898876,0.38202247191011235
177306,,0,0.5341421143847487,0.4658578856152513
34599,,0,0.5269659096435345,0.4730340903564655
150542,,0,0.673728813559322,0.326271186440678
98991,,0,0.5311614730878187,0.4688385269121813
97561,,1,0.43586387434554974,0.5641361256544503
32948,,0,0.5269659096435345,0.4730340903564655
29149,,0,0.6179775280898876,0.38202247191011235
106377,,1,0.46818538884524746,0.5318146111547526
58672,,1,0.46818538884524746,0.5318146111547526
65145,,0,0.5269659096435345,0.4730340903564655
81070,,0,0.5269659096435345,0.4730340903564655
56337,,0,0.5269659096435345,0.4730340903564655
123162,,1,0.47222713603396427,0.5277728639660357
59367,,0,0.580958999305073,0.41904100069492706
173569,,0,0.673728813559322,0.326271186440678
148876,,0,0.5743243243243243,0.42567567567567566
20206,,0,0.5269659096435345,0.4730340903564655
126236,,1,0.47222713603396427,0.5277728639660357
29554,,0,0.5269659096435345,0.4730340903564655
70320,,0,0.5743243243243243,0.42567567567567566
102910,,0,0.599444958371878,0.4005550416281221
110347,,1,0.46818538884524746,0.5318146111547526
151125,,0,0.5269659096435345,0.4730340903564655
113006,,0,0.5269659096435345,0.4730340903564655
73753,,0,0.5743243243243243,0.42567567567567566
138523,,0,0.5269659096435345,0.4730340903564655
154231,,0,0.5743243243243243,0.42567567567567566
80657,,0,0.5743243243243243,0.42567567567567566
93192,,0,0.5743243243243243,0.42567567567567566
130472,,0,0.580958999305073,0.41904100069492706
120509,,0,0.599444958371878,0.4005550416281221
127200,,0,0.580958999305073,0.41904100069492706
151922,,0,0.5269659096435345,0.4730340903564655
123745,,0,0.5269659096435345,0.4730340903564655
159526,,0,0.5269659096435345,0.4730340903564655
22706,,0,0.580958999305073,0.41904100069492706
151794,,0,0.5269659096435345,0.4730340903564655
151385,,0,0.599444958371878,0.4005550416281221
62030,,0,0.6179775280898876,0.38202247191011235
2609,,0,0.580958999305073,0.41904100069492706
186665,,0,0.5269659096435345,0.4730340903564655
103053,,0,0.5269659096435345,0.4730340903564655
61557,,0,0.5269659096435345,0.4730340903564655
105144,,0,0.5269659096435345,0.4730340903564655
87330,,1,0.47222713603396427,0.5277728639660357
43379,,0,0.5269659096435345,0.4730340903564655
188743,,0,0.5269659096435345,0.4730340903564655
116928,,0,0.5269659096435345,0.4730340903564655
115179,,0,0.5743243243243243,0.42567567567567566
26675,,0,0.5743243243243243,0.42567567567567566
108415,,0,0.5269659096435345,0.4730340903564655
98746,,0,0.5269659096435345,0.4730340903564655
153272,,0,0.5269659096435345,0.4730340903564655
71302,,0,0.5269659096435345,0.4730340903564655
98154,,1,0.46818538884524746,0.5318146111547526
71626,,0,0.5269659096435345,0.4730340903564655
100666,,1,0.46818538884524746,0.5318146111547526
151442,,0,0.5743243243243243,0.42567567567567566
110248,,1,0.47222713603396427,0.5277728639660357
107380,,0,0.599444958371878,0.4005550416281221
122964,,0,0.5743243243243243,0.42567567567567566
123260,,1,0.46818538884524746,0.5318146111547526
55222,,1,0.47222713603396427,0.5277728639660357
12758,,0,0.5743243243243243,0.42567567567567566
96573,,0,0.5269659096435345,0.4730340903564655
70807,,0,0.5269659096435345,0.4730340903564655
61647,,0,0.6179775280898876,0.38202247191011235
135871,,0,0.6179775280898876,0.38202247191011235
172652,,0,0.5743243243243243,0.42567567567567566
97670,,0,0.5743243243243243,0.42567567567567566
130268,,0,0.5743243243243243,0.42567567567567566
137260,,0,0.5269659096435345,0.4730340903564655
15822,,0,0.6179775280898876,0.38202247191011235
20513,,1,0.47222713603396427,0.5277728639660357
126301,,1,0.4039938556067588,0.5960061443932412
102308,,0,0.5269659096435345,0.4730340903564655
101465,,0,0.5743243243243243,0.42567567567567566
85586,,0,0.6179775280898876,0.38202247191011235
92678,,0,0.6179775280898876,0.38202247191011235
138378,,0,0.5269659096435345,0.4730340903564655
30032,,0,0.5269659096435345,0.4730340903564655
58063,,0,0.5743243243243243,0.42567567567567566
152240,,0,0.599444958371878,0.4005550416281221
78121,,0,0.580958999305073,0.41904100069492706
129470,,0,0.673728813559322,0.326271186440678
18949,,1,0.47222713603396427,0.5277728639660357
102838,,0,0.5269659096435345,0.4730340903564655
24258,,0,0.5269659096435345,0.4730340903564655
85042,,0,0.5743243243243243,0.42567567567567566
135103,,0,0.6179775280898876,0.38202247191011235
125809,,1,0.46818538884524746,0.5318146111547526
120664,,0,0.599444958371878,0.4005550416281221
132050,,1,0.47222713603396427,0.5277728639660357
111406,,0,0.5269659096435345,0.4730340903564655
95280,,0,0.599444958371878,0.4005550416281221
37722,1.0,0,0.5269659096435345,0.4730340903564655
68975,,0,0.5269659096435345,0.4730340903564655
62398,,0,0.5269659096435345,0.4730340903564655
91978,,0,0.5269659096435345,0.4730340903564655
23309,,0,0.5269659096435345,0.4730340903564655
106352,,0,0.5743243243243243,0.42567567567567566
58111,,1,0.47222713603396427,0.5277728639660357
59010,,0,0.5269659096435345,0.4730340903564655
167984,,0,0.5269659096435345,0.4730340903564655
58438,,0,0.5743243243243243,0.42567567567567566
167878,,0,0.599444958371878,0.4005550416281221
106386,,0,0.5269659096435345,0.4730340903564655
102773,,0,0.5269659096435345,0.4730340903564655
23190,,0,0.5269659096435345,0.4730340903564655
137783,,0,0.5269659096435345,0.4730340903564655
71562,,0,0.580958999305073,0.41904100069492706
24232,,0,0.5311614730878187,0.4688385269121813
22723,,0,0.5743243243243243,0.42567567567567566
29716,,0,0.5269659096435345,0.4730340903564655
140186,,1,0.46818538884524746,0.5318146111547526
151624,,0,0.6179775280898876,0.38202247191011235
